"lemma","form_1","form_1_freq","form_2","form_2_freq","msps","chisq_eq","p_eq","p_cat","cond_type","def"
"plead","pled",83,"pleaded",70,"ppt",1.10457516339869,"0.2933","0.0000","no_cond","To make a plea of a specific nature. ""Plead not guilty"""
"plead","pled",4,"pleaded",21,"ppt",11.56,"0.0007","0.1099","cat","To entreat or appeal earnestly. "
"bid","bid",16,"bade",0,"pst",16,"0.0001","1.0000","cat","To offer (a price) whether for payment or acceptance. ""The contractor bid $10,000 less than his nearest competitor."""
"bid","bid",25,"bade",67,"pst",19.1739130434783,"0.0000","0.0000","prob","To issue an order to. To tell. ""did as I was bid"""
"bid","bid",33,"bade",27,"pst",0.6,"0.4386","0.0000","no_cond","To give expression to. ""bade a tearful farewell"""
"burn","burnt",6,"burned",12,"pst",2,"0.1573","0.0191","no_cond","To undergo alteration or destruction by the action of fire or heat. ""The house burned down."" ""The  potatoes burned to a crisp."""
"burn","burnt",39,"burned",50,"pst",1.35955056179775,"0.2436","0.0000","no_cond","To cause to undergo combustion. Especially, to destroy by fire. ""burned the trash"""
"burn","burnt",20,"burned",3,"pst",12.5652173913043,"0.0004","0.2333","cat","To injure or damage by or as if by exposure to fire, heat, or radiation. To scorch. ""burned his hand"""
"dive","dived",28,"dove",15,"pst",3.93023255813953,"0.0474","0.0000","prob","To plunge into water intentionally"
"dive","dived",25,"dove",49,"pst",7.78378378378378,"0.0053","0.0000","prob","To plunge into some matter or activity"
"dive","dived",34,"dove",33,"pst",0.0149253731343284,"0.9028","0.0000","no_cond","To plunge or dash for some place, expecially to seize something"
"fly","flied",2,"flew",16,"pst",10.8888888888889,"0.0010","0.4857","cat","To move in or pass through the air with wings. ""bees flying around the hive"""
"fly","flied",0,"flew",52,"pst",52,"0.0000","1.0000","cat","To operate or travel in an airplane or spacecraft. ""They flew to Florida for their vacation."""
"fly","flied",96,"flew",7,"pst",76.9029126213592,"0.0000","0.0141","prob","To hit a fly in baseball. "
"knit","knitted",12,"knit",6,"pst",2,"0.1573","0.0191","no_cond","To make knitted fabrics or objects. "
"knit","knitted",57,"knit",29,"pst",9.11627906976744,"0.0025","0.0000","prob","To form by interlacing yarn or thread in a series of connected loops with needles"
"knit","knitted",5,"knit",16,"pst",5.76190476190476,"0.0164","0.0478","prob","To link firmly or closely. ""knitted my hands"""
"knit","knitted",10,"knit",24,"pst",5.76470588235294,"0.0164","0.0009","prob","To contract into wrinkles. ""knitted her brow"""
"light","lighted",45,"lit",36,"ppt",1,"0.3173","0.0000","no_cond","To set fire to. "
"light","lighted",48,"lit",52,"ppt",0.16,"0.6892","0.0000","no_cond","To illuminate. ""Rockets lit up the sky."""
"light","lighted",14,"lit",34,"pst",8.33333333333333,"0.0039","0.0000","prob","To become bright / brighten. ""Her face lit up."""
"light","lighted",48,"lit",47,"pst",0.0105263157894737,"0.9183","0.0000","no_cond","To set fire to. "
"light","lighted",17,"lit",14,"pst",0.290322580645161,"0.5900","0.0000","no_cond","To illuminate. ""Rockets lit up the sky."""
"ring","ringed",0,"rung",18,"ppt",18,"0.0000","1.0000","cat","To sound resonantly or sonorously. "
"ring","ringed",0,"rung",42,"ppt",42,"0.0000","1.0000","cat","To cause to sound, especially by striking. "
"ring","ringed",91,"rung",0,"ppt",91,"0.0000","1.0000","cat","To place or form a ring around; to encircle. "
"shine","shined",18,"shone",34,"pst",4.92307692307692,"0.0265","0.0000","prob","To emit rays of light"
"shine","shined",3,"shone",18,"pst",10.7142857142857,"0.0011","0.2317","cat","To be bright by reflection of light"
"shine","shined",12,"shone",9,"pst",0.428571428571429,"0.5127","0.0013","no_cond","To be eminent, conspicuous, or distinguished; ""She shines in math"""
"shine","shined",33,"shone",7,"pst",16.9,"0.0000","0.0117","prob","To perform extremely well; ""The stocks really shined last week"""
"shine","shined",11,"shone",5,"pst",2.25,"0.1336","0.0434","no_cond","To highlight; to bring attention to"
"shine","shone",25,"shined",3,"ppt",17.2857142857143,"0.0000","0.2364","cat","To emit rays of light"
"shine","shone",8,"shined",15,"ppt",2.1304347826087,"0.1444","0.0038","no_cond","To perform extremely well; ""The stocks really shined last week"""
"shine","shone",19,"shined",8,"ppt",4.48148148148148,"0.0343","0.0043","prob","To throw or direct the light of"
"shine","shone",0,"shined",38,"ppt",38,"0.0000","1.0000","cat","To make bright by polishing"
"shine","shone",20,"shined",16,"ppt",0.444444444444444,"0.5050","0.0000","no_cond","To highlight; to bring attention to"
"spring","sprung",17,"sprang",20,"pst",0.243243243243243,"0.6219","0.0000","no_cond","To issue by birth or descent. ""sprang from the upper class"""
"spring","sprung",34,"sprang",42,"pst",0.842105263157895,"0.3588","0.0000","no_cond","To come into being. To arise. ""Towns sprang up across the plains."""
"spring","sprung",10,"sprang",9,"pst",0.0526315789473684,"0.8185","0.0011","no_cond","To quickly start working. ""Firefighters are ready to leap/spring/swing into action at a moment's notice."" To become suddenly very active and energetic. ""They sprang into action as soon as they received their orders."" ""The crowd sprang to life after the first goal was scored."" "
"throw","throwed",6,"threw",10,"pst",1,"0.3173","0.0177","no_cond","Phrases: throw cold water on, throw money at, throw one's weight around, throw to the wolves, throw together"
"throw","throwed",9,"threw",24,"pst",6.81818181818182,"0.0090","0.0021","prob","To propel through the air by a forward motion of the hand and arm. ""throw a baseball"""
"throw","throwed",14,"threw",4,"pst",5.55555555555556,"0.0184","0.1039","cat","To drive or impel violently. ""The ship was thrown on a reef."""
"throw","throwed",16,"threw",3,"pst",8.89473684210526,"0.0029","0.2297","cat","To put in a particular position or condition. ""threw her arms around him"" / ""thrown into chaos"" / ""threw him into prison"""
"weave","weaved",65,"wove",16,"pst",29.641975308642,"0.0000","0.0000","prob","To move in a devious, winding, or zigzag course especially to avoid obstacles. "
"weave","weaved",11,"wove",12,"pst",0.0434782608695652,"0.8348","0.0002","no_cond","To produce by elaborately combining elements. To contrive. "
"weave","weaved",6,"wove",15,"pst",3.85714285714286,"0.0495","0.0207","prob","To unite in a coherent whole. "
"weave","weaved",5,"wove",23,"pst",11.5714285714286,"0.0007","0.0515","cat","To introduce as an appopriate element. To work in. Usually used with in or into. "
"tread","treaded",26,"trod",29,"pst",0.163636363636364,"0.6858","0.0000","no_cond","To move or proceed on or as if on foot. ""must tread lightly"""
"tread","treaded",50,"trod",6,"pst",34.5714285714286,"0.0000","0.0271","prob","Phrases: tread on one's toes, tread water"
"tread","treaded",3,"trod",14,"pst",7.11764705882353,"0.0076","0.2273","cat","To step or walk on or over"
"tread","treaded",5,"trod",20,"pst",9,"0.0027","0.0502","cat","To walk or proceed along. To follow. ""treading a fine line between tradition and innovation"""
"slink","slinked",64,"slunk",69,"pst",0.18796992481203,"0.6646","0.0000","no_cond","To go or move stealthily or furtively (as in fear or shame). To steal. "
"wet","wetted",30,"wet",14,"pst",5.81818181818182,"0.0159","0.0000","prob","To make wet. "
"wet","wetted",6,"wet",24,"pst",10.8,"0.0010","0.0237","prob","To urinate in or on. ""wet his pants"""
"speed","speeded",3,"sped",71,"pst",62.4864864864865,"0.0000","0.2449","cat","To make haste. ""sped to her bedside"""
"speed","speeded",29,"sped",14,"pst",5.23255813953488,"0.0222","0.0000","prob","To move, work, or take place faster. To accelerate. ""the heart speeds up"""
"speed","speeded",61,"sped",14,"pst",29.4533333333333,"0.0000","0.0001","prob","To increase the speed of. To accelerate. "
"sneak","sneaked",62,"snuck",59,"ppt",0.0743801652892562,"0.7851","0.0000","no_cond","To go stealthily or furtively. To slink. ""snuck out early"""
"sneak","sneaked",29,"snuck",30,"ppt",0.0169491525423729,"0.8964","0.0000","no_cond","To put, bring, or take in a furtive or artful manner. ""sneak a smoke"""
"sneak","sneaked",9,"snuck",11,"ppt",0.2,"0.6547","0.0012","no_cond","Phrases: sneak up on"
"prove","proved",36,"proven",19,"ppt",5.25454545454545,"0.0219","0.0000","prob","To turn out, especially after trial or test. ""The new drug proved effective."""
"prove","proved",40,"proven",60,"ppt",4,"0.0455","0.0000","prob","To establish the existence, truth, or validity of (as by evidence or logic). ""prove a theorem"" ""The charges were never proved in court."""
"prove","proved",19,"proven",20,"ppt",0.0256410256410256,"0.8728","0.0000","no_cond","To demonstrate as having a particular quality or worth. ""proved herself a great actress"" ""The vaccine has been proven effective after years of tests."" "
"strive","strived",95,"striven",86,"ppt",0.447513812154696,"0.5035","0.0000","no_cond","To devote serious effort or energy to. To endevor. ""strive to finish a project"""
"strive","strived",5,"striven",14,"ppt",4.26315789473684,"0.0389","0.0463","prob","To struggle in opposition. To contend. "
"strive","strived",97,"strove",82,"pst",1.25698324022346,"0.2622","0.0000","no_cond","To devote serious effort or energy to. To endevor. ""strive to finish a project"""
"strive","strived",3,"strove",18,"pst",10.7142857142857,"0.0011","0.2317","cat","To struggle in opposition. To contend. "
"speed","speeded",2,"sped",20,"ppt",14.7272727272727,"0.0001","0.4884","cat","To make haste. ""sped to her bedside"""
"speed","speeded",16,"sped",12,"ppt",0.571428571428571,"0.4497","0.0001","no_cond","To move, work, or take place faster. To accelerate. ""the heart speeds up"""
"speed","speeded",81,"sped",64,"ppt",1.99310344827586,"0.1580","0.0000","no_cond","To increase the speed of. To accelerate. "
"sneak","snuck",65,"sneaked",75,"pst",0.714285714285714,"0.3980","0.0000","no_cond","To go stealthily or furtively. To slink. ""snuck out early"""
"sneak","snuck",29,"sneaked",19,"pst",2.08333333333333,"0.1489","0.0000","no_cond","To put, bring, or take in a furtive or artful manner. ""sneak a smoke"""
"plead","pled",91,"pleaded",73,"pst",1.97560975609756,"0.1599","0.0000","no_cond","To make a plea of a specific nature. ""Plead not guilty"""
"plead","pled",5,"pleaded",24,"pst",12.448275862069,"0.0004","0.0518","cat","To entreat or appeal earnestly. "
"hang","hanged",4,"hung",27,"pst",17.0645161290323,"0.0000","0.1128","cat","(Informal) To pass time idly or in relaxing or socializing. To hang around. To hang out. ""hanging with friends"" ""hanging at the beach"" "
"hang","hanged",0,"hung",22,"pst",22,"0.0000","1.0000","cat","Phrases: hang fire, hang it up, hang loose, hang one on, hang out to dry, hang one's hat (on), hang ten, hang tough"
"hang","hanged",1,"hung",20,"pst",17.1904761904762,"0.0000","1.0000","cat","To fasten to some elevated point without support from below. To suspend. ""hang a picture on the wall"""
"hang","hanged",94,"hung",3,"pst",85.3711340206186,"0.0000","0.2461","cat","To suspend by the neck until dead; often hanged in the past; often used as a mild oath. ""I'll be hanged"""
"hang","hanged",1,"hung",15,"ppt",12.25,"0.0005","1.0000","cat","(Informal) To pass time idly or in relaxing or socializing. To hang around. To hang out. ""hanging with friends"" ""hanging at the beach"" "
"hang","hanged",0,"hung",20,"ppt",20,"0.0000","1.0000","cat","Phrases: hang fire, hang it up, hang loose, hang one on, hang out to dry, hang one's hat (on), hang ten, hang tough"
"hang","hanged",1,"hung",30,"ppt",27.1290322580645,"0.0000","1.0000","cat","To fasten to some elevated point without support from below. To suspend. ""hang a picture on the wall"""
"hang","hanged",98,"hung",26,"ppt",41.8064516129032,"0.0000","0.0000","prob","To suspend by the neck until dead; often hanged in the past; often used as a mild oath. ""I'll be hanged"""
"learn","learnt",36,"learned",28,"ppt",1,"0.3173","0.0000","no_cond","To gain knowledge or understanding of or skill in by study, instruction, or experience. ""learn a trade"" ""learned to play chess"""
"learn","learnt",15,"learned",12,"ppt",0.333333333333333,"0.5637","0.0001","no_cond","To come to be able to. ""learn to dance"""
"learn","learnt",37,"learned",55,"ppt",3.52173913043478,"0.0606","0.0000","no_cond","To come to realize. ""learned that honesty paid"""
"lay","lain",70,"laid",3,"ppt",61.4931506849315,"0.0000","0.2448","cat","(Nonstandard) To be or to stay at rest in a horizontal position. To be prostrate. To rest. To recline. ""lie motionless"" ""lie asleep"""
"lay","lain",12,"laid",34,"ppt",10.5217391304348,"0.0012","0.0002","prob","Phrases: lay an egg, lay eyes on, lay into, lay on the table"
"lay","lain",0,"laid",18,"ppt",18,"0.0000","1.0000","cat","To submit for examination and judgment. ""laid her case before the commission"" (I used it more like ""to show for examination"")"
"lay","lain",7,"laid",13,"ppt",1.8,"0.1797","0.0083","no_cond","(Often vulgar) To copulate with. "
"dream","dreamt",59,"dreamed",53,"ppt",0.321428571428571,"0.5708","0.0000","no_cond","To indulge in daydreams or fantasies. ""dreaming of a better future"""
"dream","dreamt",20,"dreamed",28,"ppt",1.33333333333333,"0.2482","0.0000","no_cond","To consider as a possibility. To imagine. ""never dreamed I would become a teacher"""
"dream","dreamt",7,"dreamed",15,"ppt",2.90909090909091,"0.0881","0.0089","no_cond","To come up with the idea for. Often, the phrase ""dream up"". "
"knit","knitted",67,"knit",43,"ppt",5.23636363636364,"0.0221","0.0000","prob","To form by interlacing yarn or thread in a series of connected loops with needles"
"knit","knitted",23,"knit",45,"ppt",7.11764705882353,"0.0076","0.0000","prob","To link firmly or closely. ""knitted my hands"""
"sink","sunk",11,"sank",26,"pst",6.08108108108108,"0.0137","0.0004","prob","To go to the bottom. To submerge. "
"sink","sunk",12,"sank",8,"pst",0.8,"0.3711","0.0033","no_cond","To become impressively known or felt. ""The lesson sunk in."""
"sink","sunk",7,"sank",12,"pst",1.31578947368421,"0.2513","0.0080","no_cond","To go downward in quality, state, or condition. "
"sink","sunk",3,"sank",13,"pst",6.25,"0.0124","0.2258","cat","To become depressed. "
"sink","sunk",20,"sank",6,"pst",7.53846153846154,"0.0060","0.0226","prob","To cause to sink. ""sink a battleship"""
"sink","sunk",14,"sank",1,"pst",11.2666666666667,"0.0008","1.0000","cat","To invest. "
"weave","weaved",8,"woven",7,"ppt",0.0666666666666667,"0.7963","0.0063","no_cond","To form (cloth) by interlacing strands (as of yarn). "
"weave","weaved",7,"woven",17,"ppt",4.16666666666667,"0.0412","0.0094","prob","To interlace (threads) into cloth. "
"weave","weaved",7,"woven",9,"ppt",0.25,"0.6171","0.0068","no_cond","To produce by elaborately combining elements. To contrive. "
"weave","weaved",18,"woven",20,"ppt",0.105263157894737,"0.7456","0.0000","no_cond","To introduce as an appopriate element. To work in. Usually used with in or into. "
"heave","hove",10,"heaved",7,"pst",0.529411764705882,"0.4669","0.0072","no_cond","To move in an indicated way. (Past tense usually 'hove') ""The ship hove into view."""
"heave","hove",36,"heaved",0,"pst",36,"0.0000","1.0000","cat","Phrase: heave into view, heave into sight. "
"heave","hove",5,"heaved",12,"pst",2.88235294117647,"0.0896","0.0445","no_cond","To throw. To cast. ""heaved her books on the floor"""
"heave","hove",0,"heaved",22,"pst",22,"0.0000","1.0000","cat","To utter with obvious effort or with a  deep breath. ""heaved a sigh of relief"""
"creep","creeped",3,"crept",25,"ppt",17.2857142857143,"0.0000","0.2364","cat","To go very slowly. ""The hours crept by."""
"creep","creeped",10,"crept",63,"ppt",38.4794520547945,"0.0000","0.0014","prob","To enter or advance gradually so as to be almost unnoticed. ""Age creeps up on us."" ""A note of irritation crept into her voice."""
"creep","creeped",72,"crept",0,"ppt",72,"0.0000","1.0000","cat","To cause (someone) to have an uncomfortable feeling of nervousness or hear. To give (someone) the creeps. ""That guy really creeps me out."" ""I felt creeped out being alone in the office at night."" "
"creep","creeped",2,"crept",32,"pst",26.4705882352941,"0.0000","0.4925","cat","To go very slowly. ""The hours crept by."""
"creep","creeped",4,"crept",32,"pst",21.7777777777778,"0.0000","0.1145","cat","To go timidly or cautiously so as to escape notice. ""She crept away from the festive scene."""
"creep","creeped",6,"crept",36,"pst",21.4285714285714,"0.0000","0.0258","prob","To enter or advance gradually so as to be almost unnoticed. ""Age creeps up on us."" ""A note of irritation crept into her voice."""
"creep","creeped",81,"crept",0,"pst",81,"0.0000","1.0000","cat","To cause (someone) to have an uncomfortable feeling of nervousness or hear. To give (someone) the creeps. ""That guy really creeps me out."" ""I felt creeped out being alone in the office at night."" "
"spill","spilt",0,"spilled",16,"ppt",16,"0.0001","1.0000","cat","To spread profusely or beyond bounds. ""Crowds spilled into the streets."""
"spill","spilt",72,"spilled",54,"ppt",2.57142857142857,"0.1088","0.0000","no_cond","To cause or allow especially accidentally or unintentionally to fall, flow, or run out so as to be lost or wasted. "
"sew","sewed",35,"sewn",53,"ppt",3.68181818181818,"0.0550","0.0000","no_cond","To unite or fasten by stitches. "
"sew","sewed",20,"sewn",13,"ppt",1.48484848484848,"0.2230","0.0001","no_cond","To create via sewing. "
"sew","sewed",40,"sewn",13,"ppt",13.7547169811321,"0.0002","0.0001","prob","To close or enclose by sewing. ""sew the money in the bag"""
"sew","sewed",1,"sewn",17,"ppt",14.2222222222222,"0.0002","1.0000","cat","To scatter (seed) upon the earth for growth. To plant. "
"shake","shook",10,"shaken",14,"ppt",0.666666666666667,"0.4142","0.0006","no_cond","To cause to quake, quiver, or tremble. "
"shake","shook",1,"shaken",26,"ppt",23.1481481481481,"0.0000","1.0000","cat","To lessen the stability of. To weaken. ""shake one's faith"""
"shake","shook",59,"shaken",42,"ppt",2.86138613861386,"0.0907","0.0000","no_cond","To stir the feelings of. To upset. To agitate. ""shook her up"""
"leap","leapt",84,"leaped",78,"pst",0.222222222222222,"0.6374","0.0000","no_cond","To spring free from or as if from the ground. To jump. ""leap over a fence"" ""A fish leaps out of the water."""
"leap","leapt",10,"leaped",9,"pst",0.0526315789473684,"0.8185","0.0011","no_cond","To pass abruptly from one state or topic to another. ""the difficult leap from college to the workplace"""
"leap","leapt",6,"leaped",10,"pst",1,"0.3173","0.0177","no_cond","To act precipitately. ""leaped at the chance"""
"burn","burnt",47,"burned",39,"ppt",0.744186046511628,"0.3883","0.0000","no_cond","To cause to undergo combustion. Especially, to destroy by fire. ""burned the trash"""
"burn","burnt",15,"burned",6,"ppt",3.85714285714286,"0.0495","0.0207","prob","To use as fuel. ""This furnace burns gas"""
"burn","burnt",5,"burned",11,"ppt",2.25,"0.1336","0.0434","no_cond","To injure or damage by or as if by exposure to fire, heat, or radiation. To scorch. ""burned his hand"""
"burn","burnt",12,"burned",18,"ppt",1.2,"0.2733","0.0001","no_cond","To subject to misfortune, mistreatment, or deception. Often used in passive. ""has been burned in love"""
"dream","dreamt",25,"dreamed",44,"pst",5.23188405797101,"0.0222","0.0000","prob","To indulge in daydreams or fantasies. ""dreaming of a better future"""
"dream","dreamt",56,"dreamed",15,"pst",23.6760563380282,"0.0000","0.0000","prob","To have a dream of. ""dreamt that he was running in the woods"""
"dream","dreamt",6,"dreamed",20,"pst",7.53846153846154,"0.0060","0.0226","prob","To consider as a possibility. To imagine. ""never dreamed I would become a teacher"""
"dream","dreamt",7,"dreamed",20,"pst",6.25925925925926,"0.0124","0.0100","prob","To come up with the idea for. Often, the phrase ""dream up"". "
"learn","learnt",51,"learned",39,"pst",1.6,"0.2059","0.0000","no_cond","To gain knowledge or understanding of or skill in by study, instruction, or experience. ""learn a trade"" ""learned to play chess"""
"learn","learnt",6,"learned",16,"pst",4.54545454545455,"0.0330","0.0211","prob","To come to be able to. ""learn to dance"""
"learn","learnt",37,"learned",29,"pst",0.96969696969697,"0.3248","0.0000","no_cond","To come to realize. ""learned that honesty paid"""
"learn","learnt",6,"learned",14,"pst",3.2,"0.0736","0.0202","no_cond","To come to know. To hear. ""We just learned that he was ill."""
"spill","spilt",7,"spilled",10,"pst",0.529411764705882,"0.4669","0.0072","no_cond","To flow, run, or fall out, over, or off and become wasted, scattered, or lost. ""water spilling over the dam"""
"spill","spilt",0,"spilled",18,"pst",18,"0.0000","1.0000","cat","To spread profusely or beyond bounds. ""Crowds spilled into the streets."""
"spill","spilt",49,"spilled",17,"pst",15.5151515151515,"0.0001","0.0000","prob","To cause or allow especially accidentally or unintentionally to fall, flow, or run out so as to be lost or wasted. "
"spill","spilt",2,"spilled",18,"pst",12.8,"0.0003","0.4872","cat","To let out. To divulge. ""spill a secret"""
"disprove","disproven",100,"disproved",100,"ppt",0,"1.0000","0.0000","no_cond","To prove to be false or wrong. To refute. ""disprove a theory"""
"leap","leapt",55,"leaped",56,"ppt",0.00900900900900901,"0.9244","0.0000","no_cond","To spring free from or as if from the ground. To jump. ""leap over a fence"" ""A fish leaps out of the water."""
"leap","leapt",22,"leaped",23,"ppt",0.0222222222222222,"0.8815","0.0000","no_cond","To pass abruptly from one state or topic to another. ""the difficult leap from college to the workplace"""
"leap","leapt",21,"leaped",17,"ppt",0.421052631578947,"0.5164","0.0000","no_cond","To act precipitately. ""leaped at the chance"". I used it like 'to move quickly'"
"smell","smelt",41,"smelled",59,"pst",3.24,"0.0719","0.0000","no_cond","To have an odor of scent. "
"smell","smelt",48,"smelled",19,"pst",12.5522388059701,"0.0004","0.0000","prob","To perceive the odor or scent of through stimuli affecting the olfactory nerves. Get the odor or scent of with the nose. "
"know","knowed",42,"knew",63,"pst",4.2,"0.0404","0.0000","prob","To perceive directly. To have direct cognition of. To have understanding of. ""importance of knowing oneself"""
"know","knowed",26,"knew",9,"pst",8.25714285714286,"0.0041","0.0022","prob","To recognize as being the same as something previously known. To be acquainted or familiar with. To have experience of. "
"know","knowed",26,"knew",25,"pst",0.0196078431372549,"0.8886","0.0000","no_cond","To be aware of the truth or factuality of. To be convinced or certain of. "
"spell","spelt",18,"spelled",2,"ppt",12.8,"0.0003","0.4872","cat","To name the letters of in order. To write or print the letters of in order."
"spell","spelt",39,"spelled",21,"ppt",5.4,"0.0201","0.0000","prob","To write or print the letters of in a particular way. "
"spell","spelt",14,"spelled",43,"ppt",14.7543859649123,"0.0001","0.0000","prob","To find out by study. To come to understand. Often used with 'out'. ""It requires some pains to spell out those decorations.""  (I used as 'to explain', kind of)"
"bid","bidden",1,"bid",41,"ppt",38.0952380952381,"0.0000","1.0000","cat","To offer (a price) whether for payment or acceptance. ""The contractor bid $10,000 less than his nearest competitor."""
"bid","bidden",57,"bid",25,"ppt",12.4878048780488,"0.0004","0.0000","prob","To issue an order to. To tell. ""did as I was bid"""
"bid","bidden",17,"bid",0,"ppt",17,"0.0000","1.0000","cat","To request to come. To invite. ""were bidden to the wedding"""
"bid","bidden",10,"bid",10,"ppt",0,"1.0000","0.0004","no_cond","To give expression to. ""bade a tearful farewell"""
"tread","trod",16,"trodden",3,"ppt",8.89473684210526,"0.0029","0.2297","cat","To move or proceed on or as if on foot. ""must tread lightly"""
"tread","trod",27,"trodden",19,"ppt",1.39130434782609,"0.2382","0.0000","no_cond","To step or walk on or over. (I used as ""to travel"")"
"tread","trod",24,"trodden",14,"ppt",2.63157894736842,"0.1048","0.0000","no_cond","To walk or proceed along. To follow. ""treading a fine line between tradition and innovation"""
"tread","trod",23,"trodden",52,"ppt",11.2133333333333,"0.0008","0.0000","prob","To beat or press with the feet. To trample. "
"kneel","kneeled",40,"knelt",50,"pst",1.11111111111111,"0.2918","0.0000","no_cond","To position the body so that one or both knees rest on the floor. ""The prisoners were ordered to kneel."""
"kneel","kneeled",60,"knelt",50,"pst",0.909090909090909,"0.3404","0.0000","no_cond","To fall or rest on the knees. ""She kneeled on the floor next to the child."""
"break","broke",9,"broken",8,"ppt",0.0588235294117647,"0.8084","0.0027","no_cond","To end a relationship, connection, or agreement; usually used with with or from. ""break with tradition"" ""broke with the leadership"""
"break","broke",19,"broken",7,"ppt",5.53846153846154,"0.0186","0.0098","prob","To become inoperative because of damage, wear, or strain. ""The pump broke."""
"break","broke",9,"broken",14,"ppt",1.08695652173913,"0.2971","0.0015","no_cond","To separate into parts with suddenness or violence. ""broke the plate"" ""Break the chocolate bar in half."""
"break","broke",5,"broken",20,"ppt",9,"0.0027","0.0502","cat","To violate. To transgress. ""break the law"" ""break a promise"" ""breaking conventions"""
"break","broke",7,"broken",13,"ppt",1.8,"0.1797","0.0083","no_cond","To split into smaller units, parts, or processes. To divide. ""break the grammar lesson into digestible chunks."" ""break a word at the end of a line"""
"break","broke",9,"broken",6,"ppt",0.6,"0.4386","0.0169","no_cond","To exceed. To surpass. ""break the record"""
"spit","spit",64,"spat",66,"ppt",0.0307692307692308,"0.8608","0.0000","no_cond","To eject saliva as an expression of aversion or contempt. "
"spit","spit",12,"spat",10,"ppt",0.181818181818182,"0.6698","0.0005","no_cond","To eject (something) from the mouth. To expectorate. "
"spit","spit",18,"spat",20,"ppt",0.105263157894737,"0.7456","0.0000","no_cond","To emit as if by spitting. Especially to emit (precipitation) in driving particles or in flurries. ""spit rain"""
"drive","drove",27,"driven",4,"ppt",17.0645161290323,"0.0000","0.1128","cat","To operate a vehicle. ""learned to drive at the age of seventeen"""
"drive","drove",12,"driven",3,"ppt",5.4,"0.0201","0.2241","cat","To operate the mechanism and controls and direct the course of (a vehicle). ""drive a car"""
"drive","drove",0,"driven",24,"ppt",24,"0.0000","1.0000","cat","To exert inescapable or coescive pressure on. To force. ""driven by his passions"""
"drive","drove",0,"driven",25,"ppt",25,"0.0000","1.0000","cat","To give shape or impulse to. ""factors that drive the business cycle"" ""the ideas that have driven history"""
"begin","began",16,"begun",20,"ppt",0.444444444444444,"0.5050","0.0000","no_cond","To do the first part of an action. To go into the first part of a process. To start. ""Began by introducing herself"" ""will have to begin again"""
"begin","began",76,"begun",64,"ppt",1.02857142857143,"0.3105","0.0000","no_cond","To set about the activity of. To start. ""They began the lecture at 10:00."" ""have already begun construction"""
"begin","began",8,"begun",14,"ppt",1.63636363636364,"0.2008","0.0036","no_cond","To bring into being. To found. ""credited with beginning the movement"" ""In 1819, he married the daughter of É chief and began a dynasty that would last for nearly 200 years."""
"spit","spit",32,"spat",19,"pst",3.31372549019608,"0.0687","0.0000","no_cond","To eject saliva as an expression of aversion or contempt. "
"spit","spit",22,"spat",11,"pst",3.66666666666667,"0.0555","0.0004","no_cond","To eject matter (such as salive) from the mouth. To expectorate. "
"spit","spit",31,"spat",13,"pst",7.36363636363636,"0.0067","0.0001","prob","To express (unpleasant or malicious feelings) by or as if by spitting. "
"spit","spit",12,"spat",34,"pst",10.5217391304348,"0.0012","0.0002","prob","To emit as if by spitting. Especially to emit (precipitation) in driving particles or in flurries. ""spit rain"""
"spit","spit",3,"spat",22,"pst",14.44,"0.0001","0.2347","cat","To set to burning. ""spit a fuse"""
"wake","woke",45,"woken",33,"ppt",1.84615384615385,"0.1742","0.0000","no_cond","To awake. To wake up. ""They woke early."" "
"wake","woke",8,"woken",21,"ppt",5.82758620689655,"0.0158","0.0045","prob","Intransitive 4c. "
"wake","woke",42,"woken",33,"ppt",1.08,"0.2987","0.0000","no_cond","To rouse from or as if from sleep. To awake. To wake up. ""Something woke her in the middle of the night."""
"eat","ate",22,"eaten",8,"ppt",6.53333333333333,"0.0106","0.0046","prob","To take food or a meal. "
"eat","ate",61,"eaten",81,"ppt",2.8169014084507,"0.0933","0.0000","no_cond","To take in through the mouth as food. To ingest, chew, and swallow in turn. "
"take","took",15,"taken",6,"ppt",3.85714285714286,"0.0495","0.0207","prob","Phrases: take care, take charge, take effect, take five, take hold, take part, take place, take turns, take control, take notice, take for granted, take a toll, take off, take aback"
"take","took",15,"taken",6,"ppt",3.85714285714286,"0.0495","0.0207","prob","To get into one's hands or into one's possession, power or control. To seize or capture physically. ""took them as prisoners"" To get possession of (fish or game) by killing or capturing. To acquire by eminent domain. "
"take","took",9,"taken",10,"ppt",0.0526315789473684,"0.8185","0.0011","no_cond","To use up (space, time, etc.) ""takes a long time to dry"""
"take","took",8,"taken",9,"ppt",0.0588235294117647,"0.8084","0.0027","no_cond","To remove. ""take eggs from a nest"" To put an end to (life). To remove by death. ""was taken in his prime"" To subtract. ""take two from four"" To exact. ""The weather took its toll."""
"take","took",9,"taken",26,"ppt",8.25714285714286,"0.0041","0.0022","prob","To undertake and make, do, or perform. ""take a walk"" ""take aim"" ""take legal action"" ""take a test"" ""take a look"" To participate in. ""take a meeting"""
"take","took",12,"taken",15,"ppt",0.333333333333333,"0.5637","0.0001","no_cond","Phrases: take a back seat, take advantage of, take after, take a hike/walk, take care of, take charge of, take for, take into account, take in vain, take no prisoners, take the floor, take to court, take to task, take a chance, take notice of, take pity on, take as, take by surprise, take in, take the trouble to, take over, take down"
"write","wrote",70,"written",75,"ppt",0.172413793103448,"0.6780","0.0000","no_cond","To be the author of. To compose. ""writes poems and essays"" To compose in musical form. ""write a string quartet"""
"write","wrote",21,"written",7,"ppt",7,"0.0082","0.0102","prob","To make a permanent impression of. "
"fall","fell",40,"fallen",11,"ppt",16.4901960784314,"0.0000","0.0005","prob","To descend freely by the force of gravity. ""The apple fell from the tree."" "
"fall","fell",4,"fallen",30,"ppt",19.8823529411765,"0.0000","0.1139","cat","To decline in quality, activity, or quantity. ""Production fell off."""
"fall","fell",30,"fallen",5,"ppt",17.8571428571429,"0.0000","0.0536","cat","To pass suddenly and passively into a state or body of mind or a new state or condition. ""fall asleep"" / ""fall in love"""
"fall","fell",10,"fallen",21,"ppt",3.90322580645161,"0.0482","0.0008","prob","Phrases: fall apart, fall behind, fall between two stools, fall flat, fall for, fall from grace, fall home, fall into line, fall on, fall on one's face, fall on one's sword, fall short"
"tear","tore",4,"torn",14,"ppt",5.55555555555556,"0.0184","0.1039","cat","To divide or disrupt by the pull of contrary forces. ""a mind torn with doubts"""
"tear","tore",14,"torn",21,"ppt",1.4,"0.2367","0.0000","no_cond","To remove by force. To wrench. Often used with 'off'. ""tear a cover off a box"""
"tear","tore",25,"torn",13,"ppt",3.78947368421053,"0.0516","0.0001","no_cond","To damage, remove, or effect an opening in. ""tore up the street to lay a new water main"""
"forget","forgot",41,"forgotten",49,"ppt",0.711111111111111,"0.3991","0.0000","no_cond","To lose the remembrance of. To be unable to think of or recall. ""I forgot his name."""
"forget","forgot",28,"forgotten",39,"ppt",1.80597014925373,"0.1790","0.0000","no_cond","To treat with inattention or disregard. ""forgot their old friends"" ""He's now a forgotten hero."""
"forget","forgot",16,"forgotten",11,"ppt",0.925925925925926,"0.3359","0.0003","no_cond","To disregard intentionally. To overlook. Usually used in the imperative. ""I shouldn't have said that, so just forget it."""
"lead","lead",15,"led",5,"pst",5,"0.0253","0.0471","prob","To guide on a way especially by going in advance. ""led the officers to his hiding place"""
"lead","lead",15,"led",23,"pst",1.68421052631579,"0.1944","0.0000","no_cond","To direct on a course or in a direction. ""a road leading the traveler to the heart of the city"""
"lead","lead",17,"led",11,"pst",1.28571428571429,"0.2568","0.0003","no_cond","To direct the operations, activity, or performance of. ""lead an orchestra"" To have charge of. ""lead a campaign"""
"lead","lead",17,"led",17,"pst",0,"1.0000","0.0000","no_cond","To go at the head of. ""lead a parade"" To be first in or among. ""lead the league"" To have a margain over. ""led his opponent"""
"lead","lead",34,"led",37,"pst",0.126760563380282,"0.7218","0.0000","no_cond","To bring to some conclusion or condition. ""led to believe otherwise"""
"lay","laid",10,"lay",61,"pst",36.6338028169014,"0.0000","0.0014","prob","(Nonstandard) To be or to stay at rest in a horizontal position. To be prostrate. To rest. To recline. ""lie motionless"" ""lie asleep"""
"lay","laid",0,"lay",26,"pst",26,"0.0000","1.0000","cat","To have place. To exist. "
"lay","laid",17,"lay",0,"pst",17,"0.0000","1.0000","cat","To dispose or spread over or on a surface. ""lay track"" ""lay plaster"""
"lay","laid",34,"lay",1,"pst",31.1142857142857,"0.0000","1.0000","cat","To prepare. To contrive. ""a well-laid plan"""
"lay","laid",15,"lay",0,"pst",15,"0.0001","1.0000","cat","Phrases: lay off, lay eyes on, lay the basis"
"lead","lead",28,"led",22,"ppt",0.72,"0.3961","0.0000","no_cond","To direct on a course or in a direction. ""a road leading the traveler to the heart of the city"""
"lead","lead",8,"led",43,"ppt",24.0196078431373,"0.0000","0.0058","prob","To direct the operations, activity, or performance of. ""lead an orchestra"" To have charge of. ""lead a campaign"""
"lead","lead",54,"led",29,"ppt",7.53012048192771,"0.0061","0.0000","prob","To bring to some conclusion or condition. ""led to believe otherwise"""
"show","shown",25,"showed",24,"ppt",0.0204081632653061,"0.8864","0.0000","no_cond","To cause or permit to be seen. To exhibit. ""showed pictures of the baby"""
"show","shown",54,"showed",46,"ppt",0.64,"0.4237","0.0000","no_cond","To demonstrate or establish by argument or reasoning. ""show a plan to be faulty."""
"speak","spoke",20,"spoken",7,"ppt",6.25925925925926,"0.0124","0.0100","prob","To utter words or articulate sounds with the ordinary voice. To talk. "
"speak","spoke",11,"spoken",23,"ppt",4.23529411764706,"0.0396","0.0004","prob","To express thoughts, opinions, or feelings orally. To extend a greeting. To be friendly enough to engage in conversation. ""still were not speaking after the dispute"""
"speak","spoke",6,"spoken",15,"ppt",3.85714285714286,"0.0495","0.0207","prob","To to utter with the speaking voice. To pronounce. "
"speak","spoke",20,"spoken",14,"ppt",1.05882352941176,"0.3035","0.0000","no_cond","To give a recitation of. To declaim. "
"speak","spoke",37,"spoken",31,"ppt",0.529411764705882,"0.4669","0.0000","no_cond","To address. To accost. "
"wear","wore",27,"worn",39,"ppt",2.18181818181818,"0.1396","0.0000","no_cond","To bear or have on the person. ""wore a coat"""
"bring","brung",34,"brought",31,"pst",0.138461538461538,"0.7098","0.0000","no_cond","To convey, lead, carry, or cause to come along with one toward the place from which the action is being regarded. ""brought a bottle of wine to the party"""
"bring","brung",55,"brought",14,"pst",24.3623188405797,"0.0000","0.0001","prob","(Dialect) To escort. To accompany. ""May I bring you home?"""
"bring","brung",8,"brought",39,"pst",20.4468085106383,"0.0000","0.0056","prob","To cause to exist or occur. Such as: To be the occasion of. ""Winter brings snow."" To result in. ""The drug brought immediate relief."" ""brought tears to her eyes"" To institute. ""bring legal action"" To adduce. ""bring an argument"""
"bring","brung",3,"brought",16,"pst",8.89473684210526,"0.0029","0.2297","cat","Phrases: bring forth, bring forward, bring home, bring to account, bring to bear, bring to book, bring to light, bring to mind, bring to terms"
"drink","drank",17,"drunk",11,"ppt",1.28571428571429,"0.2568","0.0003","no_cond","To partake of alcoholic beverages. ""has quit drinking"""
"drink","drank",59,"drunk",45,"ppt",1.88461538461538,"0.1698","0.0000","no_cond","To swallow. To imbibe. ""drink a glass of water"""
"drink","drank",17,"drunk",34,"ppt",5.66666666666667,"0.0173","0.0000","prob","Phrase: drink the Kool-Aid"
"speak","spake",54,"spoke",47,"pst",0.485148514851485,"0.4861","0.0000","no_cond","To utter words or articulate sounds with the ordinary voice. To talk. "
"speak","spake",3,"spoke",22,"pst",14.44,"0.0001","0.2347","cat","To express thoughts, opinions, or feelings orally. To extend a greeting. To be friendly enough to engage in conversation. ""still were not speaking after the dispute"""
"speak","spake",20,"spoke",2,"pst",14.7272727272727,"0.0001","0.4884","cat","To express orally. To delcare. ""free to speak their minds"""
"see","seen",65,"saw",39,"pst",6.5,"0.0108","0.0000","prob","To perceive by the eye. "
"see","seen",11,"saw",4,"pst",3.26666666666667,"0.0707","0.0996","no_cond","To be aware of. To recognize. ""sees only our faults"""
"see","seen",15,"saw",18,"pst",0.272727272727273,"0.6015","0.0000","no_cond","To come to know. To discover. "
"see","seen",7,"saw",24,"pst",9.32258064516129,"0.0023","0.0107","prob","To have experience of. To undergo. ""see army service"""
"see","saw",54,"seen",34,"ppt",4.54545454545455,"0.0330","0.0000","prob","To perceive by the eye. "
"see","saw",18,"seen",19,"ppt",0.027027027027027,"0.8694","0.0000","no_cond","To be aware of. To recognize. ""sees only our faults"""
"see","saw",2,"seen",17,"ppt",11.8421052631579,"0.0006","0.4865","cat","To perceive the meaning or importance of. To understand. "
"see","saw",7,"seen",8,"ppt",0.0666666666666667,"0.7963","0.0063","no_cond","To come to know. To discover. "
"see","saw",16,"seen",21,"ppt",0.675675675675676,"0.4111","0.0000","no_cond","To have experience of. To undergo. ""see army service"""
