system_id	lemma	msps	n_tokens	optimal_k	best_silhouette	k_range	silhouettes	inertias	note
begin__ppt	begin	ppt	200	2	0.5554632873166887	2-10	0.555463,0.327099,0.092752,0.078242,0.083338,0.074569,0.069894,0.069415,0.059335	14353.753773,13521.225583,12876.661854,12450.137603,12171.653973,11740.840679,11474.410531,11386.142959,11136.377704	
bid__ppt	bid	ppt	171	2	0.5013053160090758	2-10	0.501305,0.318289,0.106954,0.099693,0.110776,0.103752,0.092540,0.089740,0.087596	23297.450215,21812.235057,20768.265619,19910.125568,19141.866823,18537.650911,18111.828422,17548.040560,17236.765960	
bid__pst	bid	pst	200	2	0.536082603321584	2-10	0.536083,0.338212,0.098716,0.087644,0.084510,0.071735,0.062555,0.052800,0.054205	23630.622383,22379.477419,21374.029265,20254.527969,19670.193109,19260.706122,18908.466204,18590.442798,18165.053163	
break__ppt	break	ppt	199	2	0.5448260632064692	2-10	0.544826,0.303611,0.063002,0.038818,0.049771,0.040817,0.028998,0.032178,0.030856	25452.249954,24583.609440,23922.117342,23473.131985,23067.713468,22685.299326,22212.589863,21928.306983,21666.286449	
bring__pst	bring	pst	193	2	0.53021998808611	2-10	0.530220,0.304837,0.067365,0.057167,0.053962,0.054413,0.053319,0.061611,0.043657	10079.337161,9597.500140,9275.904705,9031.576494,8866.211958,8651.195519,8490.073472,8419.551381,8297.958120	
burn__ppt	burn	ppt	199	2	0.5038316378201458	2-10	0.503832,0.298310,0.093828,0.078638,0.062683,0.057415,0.067982,0.052639,0.050685	10073.908528,9538.201781,9087.415830,8839.821051,8616.407260,8466.165774,8302.148505,8242.632288,8099.964784	
burn__pst	burn	pst	198	2	0.5148096640790477	2-10	0.514810,0.283639,0.056690,0.052039,0.052517,0.054511,0.041073,0.038887,0.043017	11093.544704,10662.766949,10331.137507,10129.203446,9893.389172,9666.148633,9592.343202,9467.390105,9315.431804	
creep__ppt	creep	ppt	200	2	0.5884965055309196	2-10	0.588497,0.337146,0.085707,0.063145,0.089756,0.048034,0.076342,0.057625,0.058201	10507.118194,10010.328352,9572.054527,9360.004473,9013.480784,8878.627743,8665.346166,8523.413608,8340.121185	
creep__pst	creep	pst	199	2	0.5879249084075977	2-10	0.587925,0.332029,0.074142,0.066171,0.051055,0.062479,0.054726,0.043828,0.030184	10351.108380,9891.821781,9448.103118,9236.891255,9016.834968,8892.969073,8694.153216,8546.428264,8618.523689	
disprove__ppt	disprove	ppt	197	2	0.5695348627636578	2-10	0.569535,0.333758,0.084061,0.070099,0.060326,0.064203,0.042112,0.050134,0.052496	12302.033595,11636.951578,11171.666180,10701.904519,10453.153512,10250.314045,10135.913550,9918.652924,9821.314016	
dive__pst	dive	pst	198	2	0.5413680350925637	2-10	0.541368,0.323985,0.102962,0.086474,0.062389,0.058001,0.051084,0.057434,0.044668	12301.372053,11444.112017,10969.332561,10715.424176,10415.918843,10255.253609,10103.205453,9916.163425,9692.810403	
dream__ppt	dream	ppt	199	2	0.5637311614805994	2-10	0.563731,0.321324,0.072412,0.080340,0.071110,0.059337,0.071671,0.052845,0.062698	10215.550739,9762.358218,9382.762959,9046.075414,8763.084845,8569.254891,8363.351977,8182.212616,7929.787305	
dream__pst	dream	pst	197	2	0.5460612780486601	2-10	0.546061,0.320579,0.100024,0.095068,0.097447,0.102721,0.102178,0.077023,0.057046	12860.583939,12033.254019,11416.576480,10909.002972,10515.968547,10210.225042,10027.233616,9775.873001,9632.522747	
drink__ppt	drink	ppt	200	2	0.49253222320547685	2-10	0.492532,0.275339,0.065693,0.068841,0.067302,0.047322,0.048090,0.045706,0.050729	7308.629460,7001.574334,6715.738858,6561.549531,6370.909443,6274.925299,6152.999026,6053.681377,5892.449217	
drive__ppt	drive	ppt	142	2	0.5626468058867339	2-10	0.562647,0.353699,0.339246,0.340699,0.069194,0.060559,0.055452,0.061883,0.046966	17101.897289,15848.767479,15209.633508,14745.072983,14285.485005,14107.807595,13820.652091,13392.102165,13236.233559	
eat__ppt	eat	ppt	199	2	0.5579546862828422	2-10	0.557955,0.317684,0.056560,0.059897,0.051310,0.053175,0.044998,0.043814,0.039091	26478.602436,25331.015463,24635.181666,24023.555824,23513.512530,23163.159518,22696.074355,22472.759506,22302.864820	
fall__ppt	fall	ppt	200	2	0.5705545643376487	2-10	0.570555,0.511367,0.235532,0.090220,0.058376,0.065564,0.058010,0.059754,0.049263	17611.853474,15919.337257,15453.788071,14697.572222,14308.223680,13892.134290,13637.359560,13319.727821,13208.573539	
fall__pst	fall	pst	199	2	0.4738043401700573	2-10	0.473804,0.273630,0.075102,0.068818,0.047414,0.043872,0.043381,0.042822,0.051953	14536.966287,13869.424724,13328.844617,12909.676405,12815.049917,12389.462978,12038.765715,11953.480235,11566.865486	
fly__pst	fly	pst	198	2	0.618501676473726	2-10	0.618502,0.350693,0.090488,0.099720,0.060348,0.060372,0.056557,0.058852,0.048426	12239.036958,11566.892095,11141.537394,10866.965162,10606.800378,10323.240276,10126.984082,9962.377850,9845.421510	
forget__ppt	forget	ppt	200	2	0.5083289287314132	2-10	0.508329,0.507703,0.295224,0.088007,0.072782,0.084154,0.054057,0.061422,0.051991	12391.051257,11618.702910,11047.074454,10471.467045,10258.222263,9993.820854,9784.115587,9623.998339,9488.336381	
hang__ppt	hang	ppt	198	2	0.529966492787243	2-10	0.529966,0.288167,0.074353,0.057325,0.062423,0.058773,0.058333,0.048211,0.036399	20466.915371,19643.248120,18950.681784,18369.484719,17756.204007,17247.047001,16929.918290,16779.268873,16514.386886	
hang__pst	hang	pst	198	2	0.5479606878371381	2-10	0.547961,0.311885,0.060998,0.059413,0.059003,0.062136,0.052232,0.056713,0.055634	18992.854056,18188.028888,17564.676821,17031.606158,16675.656373,16197.376257,15884.490706,15567.348951,15328.581763	
heave__pst	heave	pst	126	2	0.5470055302531359	2-10	0.547006,0.314959,0.054591,0.054946,0.044409,0.059090,0.053990,0.051975,0.042755	9092.365894,8740.322086,8429.624037,8127.678175,7966.265763,7752.602690,7528.339553,7340.337323,7224.865906	
kneel__pst	kneel	pst	200	2	0.5778981450314735	2-10	0.577898,0.330161,0.061175,0.063200,0.053462,0.060051,0.055649,0.049201,0.055046	13316.623632,12834.957408,12374.552359,11967.786013,11673.574223,11420.337114,11103.888446,11091.522143,10729.398811	
knit__ppt	knit	ppt	200	2	0.5205620031851838	2-10	0.520562,0.294640,0.091374,0.079455,0.074291,0.074745,0.073407,0.057746,0.065380	13513.455888,12822.474471,12176.961701,11836.893214,11464.400013,11187.246130,10968.619597,10757.837423,10533.677015	
knit__pst	knit	pst	188	2	0.5135661923543368	2-10	0.513566,0.313523,0.097296,0.094925,0.070185,0.071030,0.069230,0.071959,0.061626	12545.773595,11803.973067,11242.038836,10948.998980,10629.597556,10364.333026,10147.380345,9937.531922,9817.007992	
know__pst	know	pst	197	2	0.581406527598932	2-10	0.581407,0.339057,0.096033,0.074862,0.069789,0.058204,0.046995,0.049885,0.052488	14305.574894,13517.514426,12792.770124,12492.441938,12222.938542,11854.925855,11770.083362,11555.749604,11314.687583	
lay__ppt	lay	ppt	200	2	0.5216023518958903	2-10	0.521602,0.295949,0.059294,0.062108,0.071912,0.061637,0.060622,0.062413,0.058271	18424.261067,17559.808817,16947.790834,16338.629833,15859.123971,15500.093356,15290.325369,15116.876050,14841.192544	
lay__pst	lay	pst	196	2	0.46313309934151814	2-10	0.463133,0.274024,0.086292,0.065990,0.059421,0.071137,0.050838,0.029823,0.034678	12986.281720,12332.728262,11717.867168,11388.656403,11065.086869,10883.955766,10725.782187,10618.863088,10327.256025	
lead__ppt	lead	ppt	198	2	0.4529684746255968	2-10	0.452968,0.273310,0.083246,0.074870,0.081098,0.062634,0.060740,0.056242,0.065481	17952.586726,17050.346999,16285.655776,15864.706704,15495.163146,15224.462665,14819.966818,14633.201784,14259.571391	
leap__ppt	leap	ppt	199	2	0.4640823565233133	2-10	0.464082,0.276041,0.089654,0.090136,0.090507,0.088110,0.053252,0.038363,0.051737	10344.309355,9762.756292,9237.391192,8761.545510,8642.198160,8444.655234,8300.360863,8177.233730,8072.661830	
leap__pst	leap	pst	199	2	0.4575603338429516	2-10	0.457560,0.278686,0.091764,0.072525,0.049948,0.060768,0.056956,0.041640,0.031124	10554.492093,9927.151482,9554.526472,9306.717320,9094.591183,8952.080826,8690.709133,8612.963247,8484.233243	
learn__ppt	learn	ppt	198	2	0.5933058555763131	2-10	0.593306,0.322316,0.064376,0.054365,0.050786,0.044045,0.044837,0.048087,0.040618	8307.130115,7964.492393,7659.341886,7479.988521,7337.516733,7216.521916,7113.012487,6990.069239,6885.977818	
learn__pst	learn	pst	198	2	0.6057893699102886	2-10	0.605789,0.348984,0.094796,0.086041,0.073747,0.060103,0.043714,0.047885,0.033623	9414.442713,8967.873847,8645.531755,8366.933976,8189.142415,8075.581013,7948.830833,7800.561913,7686.260860	
light__ppt	light	ppt	200	2	0.5806548993461564	2-10	0.580655,0.335750,0.087657,0.090847,0.082217,0.065035,0.071188,0.049196,0.040984	17732.765661,16831.202481,16067.466153,15509.149307,15234.600100,14915.846071,14659.103433,14477.202693,14324.337001	
light__pst	light	pst	200	2	0.5840942194862383	2-10	0.584094,0.339751,0.085566,0.080332,0.070186,0.073554,0.071373,0.067006,0.067058	18138.672226,17170.324315,16381.912500,15886.028742,15465.025661,15006.797251,14739.912546,14443.758106,14262.076143	
plead__ppt	plead	ppt	199	2	0.5291859181786762	2-10	0.529186,0.325138,0.132933,0.074647,0.079095,0.074537,0.056847,0.050774,0.054877	21084.436134,19836.618586,18873.591376,18368.986180,17916.640780,17435.829905,17080.207013,16909.347684,16548.165244	
plead__pst	plead	pst	199	2	0.5273638240107305	2-10	0.527364,0.338481,0.115644,0.071339,0.087472,0.052137,0.052236,0.050305,0.041674	20581.130041,19089.955887,18126.217431,17663.411006,17254.799487,16894.267261,16529.836328,16257.680579,16083.979015	
prove__ppt	prove	ppt	199	2	0.5236222218324339	2-10	0.523622,0.294831,0.064624,0.071670,0.067671,0.064644,0.057995,0.055219,0.053705	26157.856855,25059.265760,24236.023944,23402.128781,22760.094913,22386.706724,22199.927988,21590.330258,21436.037445	
ring__ppt	ring	ppt	200	2	0.6320023141036841	2-10	0.632002,0.357046,0.069241,0.061379,0.054233,0.049663,0.043253,0.040208,0.034804	13497.087325,12849.120575,12388.446092,12158.530145,11908.496178,11638.095804,11490.531140,11388.678697,11254.181834	
see__ppt	see	ppt	199	2	0.46618675055137043	2-10	0.466187,0.351903,0.149287,0.089191,0.146524,0.068264,0.052396,0.054269,0.055617	17998.850253,16013.258094,15187.532912,14786.518745,14426.735824,14085.270116,13941.990146,13565.947185,13246.126713	
see__pst	see	pst	198	2	0.5681102754461848	2-10	0.568110,0.322414,0.099915,0.103078,0.078860,0.068959,0.050115,0.053517,0.046998	13282.024761,12535.047588,11841.122968,11478.692921,11170.947560,10911.316022,10725.758355,10573.661055,10373.027018	
sew__ppt	sew	ppt	199	2	0.5129979475464432	2-10	0.512998,0.302354,0.061390,0.060875,0.048217,0.050145,0.048519,0.037932,0.038801	9705.324808,9377.363879,9045.034745,8870.274876,8707.658918,8549.065490,8413.162354,8347.421854,8162.089692	
shake__ppt	shake	ppt	199	2	0.4688113177225364	2-10	0.468811,0.251207,0.064913,0.072615,0.071255,0.068427,0.051545,0.058773,0.061668	11083.430865,10549.062400,10104.723191,9722.831076,9438.617523,9268.937374,9048.948243,8977.655859,8787.113591	
shine__ppt	shine	ppt	200	2	0.4530228751965548	2-10	0.453023,0.287148,0.101040,0.074331,0.073799,0.051519,0.063153,0.043959,0.044574	14863.251821,14008.129781,13403.487729,13030.559323,12712.630113,12488.456429,12297.899265,12034.343425,11847.670484	
shine__pst	shine	pst	200	2	0.4855498417147684	2-10	0.485550,0.280616,0.077454,0.070226,0.064876,0.049819,0.054514,0.050790,0.043135	13960.465206,13290.619005,12679.529967,12370.633949,12104.572148,11941.957662,11708.187458,11574.304774,11453.032509	
show__ppt	show	ppt	200	2	0.5425588420878238	2-10	0.542559,0.304663,0.068976,0.060370,0.050429,0.047809,0.040908,0.030698,0.032449	16135.242524,15598.704951,15076.950645,14769.655363,14383.368795,14253.325372,13919.663578,13738.435084,13557.728268	
sink__pst	sink	pst	196	2	0.43109460441586644	2-10	0.431095,0.272739,0.092885,0.059422,0.059267,0.051780,0.038397,0.050527,0.040026	9404.117782,8956.124388,8598.434780,8450.911466,8159.194632,7967.139380,7806.111258,7649.492714,7453.702242	
slink__pst	slink	pst	144	2	0.5605279486958916	2-10	0.560528,0.313444,0.067306,0.062760,0.047464,0.041266,0.037705,0.042879,0.025814	6576.507405,6290.121054,6016.487983,5848.852266,5770.682342,5666.771616,5568.249414,5457.355241,5410.437631	
smelt__pst	smelt	pst	199	2	0.503445133562646	2-10	0.503445,0.287791,0.087461,0.070358,0.059521,0.063643,0.043512,0.043093,0.044146	9077.799214,8665.332482,8277.313619,8061.988205,7892.183481,7784.655556,7638.629772,7598.957165,7453.812878	
sneak__ppt	sneak	ppt	200	2	0.6077370809918291	2-10	0.607737,0.350406,0.164342,0.068190,0.054022,0.044960,0.048511,0.038310,0.039906	17057.299344,16415.928007,15659.176150,15031.949857,14765.950801,14515.137177,14274.884097,14112.539101,13944.049976	
sneak__pst	sneak	pst	200	2	0.5990010131146211	2-10	0.599001,0.338586,0.059132,0.052437,0.048250,0.042057,0.045277,0.035177,0.036211	15512.305122,14966.121779,14479.703115,14081.960123,13801.587714,13601.552726,13335.268567,13195.404478,12975.307108	
speak__ppt	speak	ppt	199	2	0.5529109752571997	2-10	0.552911,0.296081,0.066345,0.050945,0.051731,0.049481,0.043918,0.042238,0.046025	30256.581122,29199.270737,28313.247848,27580.991189,27073.451140,26476.707478,26146.079834,25681.989194,25545.369167	
speak__pst	speak	pst	196	2	0.4750722929810856	2-10	0.475072,0.291536,0.098539,0.105987,0.060137,0.070875,0.058443,0.052331,0.055333	10518.831726,9955.857899,9606.746233,9315.899198,9138.021064,8908.458734,8808.788293,8639.788416,8519.915934	
speed__ppt	speed	ppt	200	2	0.5071900499680334	2-10	0.507190,0.282812,0.079056,0.055368,0.052060,0.048345,0.049703,0.039733,0.037275	12672.494058,12245.737384,11799.790275,11602.075901,11258.202684,11024.196642,10851.001311,10805.168486,10623.375312	
speed__pst	speed	pst	199	2	0.5153788651920402	2-10	0.515379,0.292200,0.068155,0.060539,0.048799,0.052623,0.045594,0.036809,0.044376	12571.268696,12083.938295,11610.268695,11298.784843,11085.263627,10909.402833,10725.450106,10587.039616,10377.494826	
spell__ppt	spell	ppt	148	2	0.4700794310020392	2-10	0.470079,0.298635,0.121580,0.114941,0.111784,0.083440,0.062463,0.037062,0.056084	7848.851109,7264.645911,6878.457062,6623.560814,6365.600275,6393.027701,6092.908933,6007.850372,5838.001697	
spill__ppt	spill	ppt	151	2	0.5047096409693835	2-10	0.504710,0.286605,0.088057,0.080790,0.056671,0.047820,0.056978,0.047824,0.056350	9262.373291,8781.583277,8426.274074,8202.438218,7994.021312,7748.626881,7520.949544,7406.945164,7158.919302	
spill__pst	spill	pst	126	2	0.48590566341930747	2-10	0.485906,0.278479,0.070044,0.059573,0.060049,0.049465,0.044097,0.048894,0.049887	7735.592444,7402.142471,7078.209422,6874.555285,6727.204622,6555.462453,6458.439660,6356.579114,6250.567090	
spit__ppt	spit	ppt	199	2	0.5774918346241851	2-10	0.577492,0.318181,0.056331,0.052933,0.053125,0.042095,0.043931,0.052287,0.033961	6598.512312,6358.176987,6151.787829,5992.514203,5857.534569,5786.818906,5657.632285,5615.563637,5531.499536	
spit__pst	spit	pst	200	2	0.5714786551992964	2-10	0.571479,0.333130,0.208082,0.066576,0.063804,0.055356,0.048284,0.054631,0.055568	6614.621069,6291.026483,5998.744464,5850.108909,5636.991232,5515.665806,5429.091017,5327.047770,5243.034261	
spring__pst	spring	pst	200	2	0.533556815428003	2-10	0.533557,0.293333,0.054254,0.047453,0.047799,0.035314,0.040956,0.027030,0.021934	12805.172090,12378.045645,11966.777678,11735.754499,11541.825826,11357.259020,11249.706466,11148.693244,11029.922487	
strive__ppt	strive	ppt	200	2	0.584028815924591	2-10	0.584029,0.350805,0.094093,0.081341,0.065226,0.076217,0.053751,0.068282,0.049891	11633.265537,10946.441365,10445.139929,10197.324260,9952.265778,9714.418101,9661.608939,9423.311302,9276.787939	
strive__pst	strive	pst	199	2	0.5851637129079246	2-10	0.585164,0.332503,0.089059,0.077518,0.072068,0.058080,0.045044,0.031784,0.040762	14940.211387,14274.578632,13621.572895,13149.185999,12939.200418,12589.153081,12462.523875,12336.291000,12124.501483	
take__ppt	take	ppt	199	2	0.4270703344459153	2-10	0.427070,0.286679,0.261022,0.074521,0.076571,0.056521,0.052195,0.042151,0.048146	9632.565453,8977.078850,8585.901127,8230.711803,8032.930539,7932.902129,7788.536517,7712.025569,7574.624696	
tear__ppt	tear	ppt	96	2	0.5058495931458488	2-10	0.505850,0.335651,0.160524,0.126948,0.136516,0.136535,0.077620,0.064170,0.048691	5252.257518,4807.204912,4439.653590,4300.834868,3954.498871,3853.646912,3780.728705,3686.269133,3569.919146	
throw__pst	throw	pst	109	2	0.5586583975866364	2-10	0.558658,0.339811,0.090413,0.075966,0.089086,0.049517,0.060180,0.066307,0.065258	9513.614359,8785.919436,8414.833063,8143.528512,7788.127705,7742.653511,7499.266243,7262.282338,7094.956603	
tread__ppt	tread	ppt	197	2	0.5810108751544591	2-10	0.581011,0.317493,0.235217,0.068433,0.070647,0.054433,0.052641,0.055367,0.045038	16546.692831,15963.783296,15395.529548,14792.412506,14575.748851,14147.275233,13778.939044,13484.926239,13288.132062	
tread__pst	tread	pst	170	2	0.554675566535456	2-10	0.554676,0.331753,0.087069,0.064557,0.049797,0.058980,0.043488,0.049914,0.040692	11141.109123,10430.873651,10034.712951,9838.104857,9632.239419,9422.188826,9280.699585,9149.962555,9047.847472	
wake__ppt	wake	ppt	198	2	0.5671553029238839	2-10	0.567155,0.361059,0.127100,0.085013,0.081991,0.067330,0.077313,0.076613,0.059174	20387.850747,19268.906516,18319.146457,17665.775616,17015.854372,16608.747033,16138.426882,15653.581617,15435.715400	
weave__ppt	weave	ppt	122	2	0.5746157182437224	2-10	0.574616,0.317849,0.087872,0.054274,0.065420,0.051947,0.066037,0.045020,0.044004	9098.453133,8720.110795,8363.960429,8099.764481,7918.293848,7784.979907,7644.946629,7506.982027,7337.546417	
weave__pst	weave	pst	198	2	0.5784688051219301	2-10	0.578469,0.325632,0.059926,0.056289,0.045267,0.039973,0.032837,0.026450,0.037661	15199.984312,14592.425728,14078.734652,13893.520605,13641.793784,13321.610667,13170.197018,13071.220378,12928.454287	
wet__pst	wet	pst	76	2	0.50132819585624	2-10	0.501328,0.294924,0.099984,0.078635,0.086948,0.060445,0.072262,0.080184,0.046122	3965.801481,3703.884938,3493.451612,3346.761375,3240.942475,3126.343061,3011.992036,2884.074510,2822.070152	
write__ppt	write	ppt	199	2	0.5051688291929037	2-10	0.505169,0.324270,0.167478,0.093485,0.074845,0.077989,0.046357,0.057680,0.047940	10093.407412,9175.986587,8568.280869,8333.968979,8158.996538,7997.953219,7827.385036,7749.151555,7611.997995	
lead__pst	lead	pst	200	3	0.48560967507521796	2-10	0.483914,0.485610,0.256383,0.055866,0.060993,0.057367,0.055225,0.046451,0.060613	19526.722679,18322.104260,17819.372713,17131.553864,16556.406170,16310.913375,15421.730143,15229.176427,14635.697656	
wear__ppt	wear	ppt	88	3	0.5094760012050099	2-10	0.506196,0.509476,0.304291,0.269943,0.048684,0.061250,0.043430,0.034931,0.040732	4222.667050,3824.395374,3655.326962,3579.933162,3410.553242,3332.316208,3274.131726,3175.385771,3077.688086	
