embedding_type_layer	layer	model	embedding_type	label_type	pair_significance_bucket	n_systems	n_rows	n_samples_eval_total	n_samples_eval_mean	n_labels_mean	silhouette_cosine_mean	silhouette_cosine_weighted_mean	silhouette_euclidean_mean	silhouette_euclidean_weighted_mean	nearest_centroid_loo_acc_cosine_mean	nearest_centroid_loo_acc_cosine_weighted_mean	nearest_centroid_loo_acc_euclidean_mean	nearest_centroid_loo_acc_euclidean_weighted_mean	within_between_ratio_cosine_mean	within_between_ratio_cosine_weighted_mean	within_between_ratio_euclidean_mean	within_between_ratio_euclidean_weighted_mean	kmeans_ari_mean	kmeans_ari_weighted_mean	kmeans_ami_mean	kmeans_ami_weighted_mean
delta	0	bert_base_uncased	delta	conditioned-cat-only	all	76	76	1862	24.5	2.9166666666666665	0.5244817658847964	0.28150888142847746	0.5192657810471514	0.300082555231053	0.7696697520892826	0.6573770491803279	0.7866891186405993	0.6808743169398908	0.007364289221990846	0.007217438926772531	0.06427476614243594	0.06428056691835154	0.713720833879842	0.5984696262092914	0.7541529668184301	0.6570159435138045
delta	0	bert_base_uncased	delta	conditioned-cat-only	pair_significant	62	62	1837	29.629032258064516	2.942857142857143	0.510072891868538	0.271557832578161	0.5048357461099372	0.2904513311487238	0.7626900476071395	0.6526315789473685	0.7802251525387992	0.6764542936288088	0.007586583941625525	0.00731700783886015	0.06606925151110685	0.06510084140508363	0.7050457076337765	0.5929082636914145	0.746703056722019	0.6522654718173196
delta	0	bert_base_uncased	delta	conditioned-cat-only	pair_not_significant	14	14	25	1.7857142857142858	2.0	0.9999746084213257	0.9999746084213257	0.9954569339752197	0.9954569339752197	1.0	1.0	1.0	1.0	2.85634740464512e-05	2.85634740464512e-05	0.005056748976295822	0.005056748976295822	1.0	1.0	1.0	1.0
delta	0	bert_base_uncased	delta	conditioned-exclude	all	76	76	8568	112.73684210526316	3.084507042253521	-0.16250099611303692	-0.2017376592162956	-0.14510174031699233	-0.1807949569647144	0.3945714394813468	0.3721769343846051	0.39765505907896775	0.3703060269945209	0.6981812878493324	0.7719217363588077	0.7193475758433461	0.7866259905421944	0.1278264522999349	0.09295807560111989	0.1785423160829465	0.14078402358410097
delta	0	bert_base_uncased	delta	conditioned-exclude	pair_significant	62	62	6422	103.58064516129032	3.169491525423729	-0.1709558935487853	-0.23242974234011837	-0.15110331512279992	-0.20644406787335476	0.40907913496535825	0.38782489740082077	0.4141864236185306	0.3874829001367989	0.6493657583818768	0.7120716859943648	0.6740183006407326	0.7306183287966808	0.14963836131084599	0.1187548673613249	0.20753769602053204	0.1776920202112634
delta	0	bert_base_uncased	delta	conditioned-exclude	pair_not_significant	14	14	2146	153.28571428571428	2.6666666666666665	-0.11458991064379613	-0.0919594927893137	-0.11109281641741593	-0.08905428381870281	0.3123611650719498	0.3162079510703364	0.3039773266881114	0.308868501529052	0.9748026214982476	0.9859909073259411	0.9762134686581562	0.9869518657029072	0.004225634571438727	0.0006891837273101765	0.014235163103295149	0.008773036259546898
delta	0	bert_base_uncased	delta	raw	all	76	76	14183	186.6184210526316	8.986842105263158	-0.60683100083222	-0.6099175314023962	-0.5628308284406861	-0.5667610650877597	0.23294617355336603	0.22937222937222937	0.16626643260659382	0.16273416273416275	0.7792346011159027	0.7824748606455401	0.796131398043743	0.799078999214105	0.04328370285228042	0.042481023039607504	0.07275326444455953	0.07208362141756343
delta	0	bert_base_uncased	delta	raw	pair_significant	62	62	11448	184.6451612903226	9.5	-0.6647951782891347	-0.6705373909375985	-0.6134422582784488	-0.6197921444979515	0.22295646928689947	0.21916491963661774	0.14391001656923247	0.13950034940600978	0.7528594064418386	0.7556587212857248	0.7703042717381317	0.7727266334261694	0.049285750937681214	0.0485970868601003	0.0822650319822205	0.08192068495885528
delta	0	bert_base_uncased	delta	raw	pair_not_significant	14	14	2735	195.35714285714286	6.714285714285714	-0.33038646219154966	-0.3364832713712708	-0.3214532399836641	-0.32755704732263907	0.2805893785165142	0.27541371158392436	0.27288933986170166	0.26753349093774625	0.9050239910999012	0.9034327658430057	0.9193069235012741	0.9179449895767072	0.014658550444984248	0.014893671338661343	0.027389450034176383	0.027712185869608774
delta	1	bert_base_uncased	delta	conditioned-cat-only	all	76	76	1862	24.5	2.9166666666666665	0.6230617841733072	0.4577129221027666	0.5329724179498632	0.3813930975965382	0.9164820039721597	0.8863387978142077	0.9172885491517891	0.8879781420765027	0.035164996387679164	0.03814676864591774	0.18960725352450997	0.2019955186460533	0.731877227073301	0.5898851102204522	0.7810952536041863	0.6762284763016416
delta	1	bert_base_uncased	delta	conditioned-cat-only	pair_significant	62	62	1837	29.629032258064516	2.942857142857143	0.6122783595329206	0.45049405956532484	0.5232035804003703	0.37482867987511725	0.9139511556076797	0.884764542936288	0.9147821415503282	0.8864265927977839	0.035594447278868784	0.038384353849068666	0.19097540948104813	0.2027924357054342	0.7237522945603708	0.5842048485891566	0.7744617764406768	0.6717441061673153
delta	1	bert_base_uncased	delta	conditioned-cat-only	pair_not_significant	14	14	25	1.7857142857142858	2.0	0.9789147973060608	0.9789147973060608	0.8553440570831299	0.8553440570831299	1.0	1.0	1.0	1.0	0.020993116978421603	0.020993116978421603	0.14445810695875075	0.14445810695875075	1.0	1.0	1.0	1.0
delta	1	bert_base_uncased	delta	conditioned-exclude	all	76	76	8568	112.73684210526316	3.084507042253521	-0.10394511886212664	-0.14843893631844138	-0.07498785656838057	-0.10903028295126552	0.49242155676198834	0.46291594280368836	0.45978667967017633	0.4216223439796873	0.7099048342688391	0.7798715698778872	0.7615231615338564	0.8142515661970321	0.16305875488028557	0.11901696620100871	0.2217914908311754	0.1759475843821659
delta	1	bert_base_uncased	delta	conditioned-exclude	pair_significant	62	62	6422	103.58064516129032	3.169491525423729	-0.10304493760900098	-0.16541943005245946	-0.07443514308097827	-0.12225231348927322	0.5158637823814665	0.4899110807113543	0.48606330733753855	0.45109439124487005	0.6630137219878633	0.7221401658981117	0.7240388633558535	0.7673057769748766	0.186846161441065	0.1457691851113119	0.25212140420036167	0.2134974657825114
delta	1	bert_base_uncased	delta	conditioned-exclude	pair_not_significant	14	14	2146	153.28571428571428	2.6666666666666665	-0.10904614596317212	-0.08770381255297485	-0.07811989966366026	-0.06173827403000006	0.35958227825161215	0.36636085626911313	0.31088578955512347	0.3162079510703364	0.9756211371943694	0.9863628545712984	0.9739341845425391	0.9821653126014155	0.02826345103586873	0.023330742233147506	0.04992198173911982	0.04164073029701606
delta	1	bert_base_uncased	delta	raw	all	76	76	14183	186.6184210526316	8.986842105263158	-0.5348673260584473	-0.5383631049830642	-0.38596981297557553	-0.38882792750632517	0.382009875453262	0.377019877019877	0.23235774912269017	0.2288002288002288	0.7856600389759723	0.788754449488602	0.8201119392747541	0.8224301233321241	0.09350253966597466	0.09324796657819404	0.16094259474764142	0.16106496232462078
delta	1	bert_base_uncased	delta	raw	pair_significant	62	62	11448	184.6451612903226	9.5	-0.5874263054330743	-0.5935587786536848	-0.4216885236016805	-0.42634039144398606	0.3827680879330291	0.3774458420684836	0.21607875534397217	0.21182739343116702	0.7600693623837568	0.76272451670219	0.7984338446886353	0.8003148923091855	0.09813230147704931	0.09777748610741435	0.17262305197505068	0.17302006301850825
delta	1	bert_base_uncased	delta	raw	pair_not_significant	14	14	2735	195.35714285714286	6.714285714285714	-0.28420142442561114	-0.28939538544749915	-0.2156190392203056	-0.219622771021557	0.378393785165142	0.3750985027580772	0.3099960271442684	0.3053585500394011	0.9077078811849996	0.9061660612060345	0.9234997749931664	0.9221839313504855	0.07142213718238781	0.07281694231873222	0.10523579873999724	0.10713982727985169
delta	2	bert_base_uncased	delta	conditioned-cat-only	all	76	76	1862	24.5	2.9166666666666665	0.6219105530985604	0.4694181174168343	0.5030210776124423	0.36687547293277917	0.9258100334082165	0.9043715846994536	0.925293297696488	0.9032786885245901	0.06771356503063741	0.07361666450435579	0.2591592689931448	0.27493458499311957	0.6843768107356705	0.5526380128501925	0.74054351481936	0.6545295034488183
delta	2	bert_base_uncased	delta	conditioned-cat-only	pair_significant	62	62	1837	29.629032258064516	2.942857142857143	0.6123039635536826	0.4629152103439438	0.4954222752042397	0.3615166629029959	0.9235618526024048	0.9030470914127424	0.9230294582327453	0.9019390581717451	0.06793925506124984	0.0738015796080113	0.25958572861424545	0.27534799889196027	0.6748124716670545	0.5464418634436855	0.7326811970866132	0.6497445935242867
delta	2	bert_base_uncased	delta	conditioned-cat-only	pair_not_significant	14	14	25	1.7857142857142858	2.0	0.9389280080795288	0.9389280080795288	0.7537815570831299	0.7537815570831299	1.0	1.0	1.0	1.0	0.06026579402042802	0.06026579402042802	0.2450861014968238	0.2450861014968238	1.0	1.0	1.0	1.0
delta	2	bert_base_uncased	delta	conditioned-exclude	all	76	76	8568	112.73684210526316	3.084507042253521	-0.08785900359022586	-0.13133948482970523	-0.05027570351182173	-0.08137143839857716	0.5039598484251957	0.47307229720700256	0.45525310771986505	0.4145396231457971	0.7228181095282863	0.7889661306029674	0.7808376548171211	0.8271801807768407	0.16691897103595477	0.127418167007335	0.23934498588189204	0.19782878066201318
delta	2	bert_base_uncased	delta	conditioned-exclude	pair_significant	62	62	6422	103.58064516129032	3.169491525423729	-0.08553064267913464	-0.14521526357205164	-0.048397096047433565	-0.09078061335234235	0.5293502102513674	0.502906976744186	0.48083128832051075	0.442202462380301	0.678014797238605	0.7336641077526326	0.7470388181380486	0.7847074789269988	0.18556812063892447	0.14741566776862783	0.2645402169332797	0.22831289456690165
delta	2	bert_base_uncased	delta	conditioned-exclude	pair_not_significant	14	14	2146	153.28571428571428	2.6666666666666665	-0.10105304875307614	-0.08170917652068882	-0.060921145810021296	-0.04771709275355033	0.3600811314102235	0.36636085626911313	0.31031008431620577	0.3155963302752294	0.9767035458364792	0.9867681059110764	0.9723643959985312	0.9790947743045937	0.061240456619126235	0.05589193798468035	0.09657200992402847	0.08879446988783093
delta	2	bert_base_uncased	delta	raw	all	76	76	14183	186.6184210526316	8.986842105263158	-0.48515187655886016	-0.48832895257380393	-0.3160486162174493	-0.31826938346019873	0.3945142469785092	0.38946088946088947	0.251557602473703	0.24853424853424855	0.7945612857003191	0.7974325005919496	0.8336519343154779	0.8355025963792925	0.12343004882333546	0.12427612298096209	0.2009448273261339	0.20169763764355153
delta	2	bert_base_uncased	delta	raw	pair_significant	62	62	11448	184.6451612903226	9.5	-0.5314066023265402	-0.5368752824239384	-0.34495288232386473	-0.34859397683384474	0.3969249808665932	0.39159678546471	0.2385749306774027	0.23515024458420686	0.7698382913131604	0.7722511564601716	0.81369495566676	0.8150834546608742	0.13011117533702116	0.1311314603364301	0.21630668798106525	0.21758440943447407
delta	2	bert_base_uncased	delta	raw	pair_not_significant	14	14	2735	195.35714285714286	6.714285714285714	-0.26455241520530903	-0.269354017930644	-0.17819750094069883	-0.1814861112216251	0.38301690074303135	0.3798266351457841	0.3134749602714427	0.30890464933018125	0.9124709512390757	0.9110164358246511	0.928831370947826	0.9276059590240724	0.09156621468114222	0.09335417576055306	0.12768056881799958	0.13003815637385802
delta	3	bert_base_uncased	delta	conditioned-cat-only	all	76	76	1862	24.5	2.9166666666666665	0.6265555585542804	0.4957405485116108	0.48209621910320816	0.36780693987575286	0.9328792935777166	0.9147540983606557	0.9326625916838555	0.9153005464480874	0.10417936403481709	0.11197959416202377	0.31679426562215235	0.3318705398273397	0.72764809204993	0.6083360840084626	0.7695424157992578	0.6875972935223436
delta	3	bert_base_uncased	delta	conditioned-cat-only	pair_significant	62	62	1837	29.629032258064516	2.942857142857143	0.6182706482906007	0.49014197442928265	0.47607413498388435	0.3634715097488118	0.9308453327770413	0.913573407202216	0.9306220641591239	0.9141274238227147	0.10433989332792731	0.11216100270495791	0.31677477563481216	0.33207044432350263	0.7193950039302309	0.6029113760307405	0.7625588526416596	0.6832703862304093
delta	3	bert_base_uncased	delta	conditioned-cat-only	pair_not_significant	14	14	25	1.7857142857142858	2.0	0.8999575972557068	0.8999575972557068	0.6808249950408936	0.6808249950408936	1.0	1.0	1.0	1.0	0.09888189736217898	0.09888189736217898	0.3174374352043784	0.3174374352043784	1.0	1.0	1.0	1.0
delta	3	bert_base_uncased	delta	conditioned-exclude	all	76	76	8568	112.73684210526316	3.084507042253521	-0.06305015291436575	-0.10574113207914472	-0.021806099838674223	-0.049606323420244756	0.5106779715770384	0.4800213817987438	0.46355380705609495	0.42188961646398504	0.7366041483682773	0.7986692027752121	0.7933881443901403	0.8340043616692203	0.19398130687356926	0.14860154083593832	0.2603781961077347	0.21465719144141637
delta	3	bert_base_uncased	delta	conditioned-exclude	pair_significant	62	62	6422	103.58064516129032	3.169491525423729	-0.058321970435060266	-0.11487173215168316	-0.0189327795090446	-0.055868534283865706	0.5365950834580889	0.5109439124487004	0.491312282565748	0.4528043775649795	0.6940414109232097	0.7459427623226604	0.763500824068863	0.7965719404049842	0.21685136500943636	0.17366362904164606	0.2893924215530599	0.2504256536185848
delta	3	bert_base_uncased	delta	conditioned-exclude	pair_not_significant	14	14	2146	153.28571428571428	2.6666666666666665	-0.0898431869637635	-0.07308318148330081	-0.038088248373242095	-0.02720790804993569	0.3638143375844199	0.3694189602446483	0.3062557791680607	0.3113149847094801	0.977792993890326	0.9872589420819539	0.9627496262107125	0.9678910892247259	0.0643843107703226	0.058960506079376286	0.09596425191755852	0.08672204354411917
delta	3	bert_base_uncased	delta	raw	all	76	76	14183	186.6184210526316	8.986842105263158	-0.4274708192422986	-0.4311911010916013	-0.2531994839012623	-0.2557315813062797	0.4123301157484233	0.4069069069069069	0.2798742351188504	0.27405977405977405	0.8045144150506564	0.8070836862320551	0.8416326138918633	0.8431622088883333	0.15366365276938113	0.1500386415874957	0.23454066126790243	0.2326664064799201
delta	3	bert_base_uncased	delta	raw	pair_significant	62	62	11448	184.6451612903226	9.5	-0.46600311877386225	-0.4717789871042502	-0.27613982708463747	-0.2799616748039825	0.41807199346109547	0.41247379454926625	0.27201841764683254	0.26546121593291405	0.7810291323264077	0.783127500653629	0.8240702143457418	0.8252236689210327	0.16208158704664924	0.157637555808289	0.25065977530620387	0.24862707358755046
delta	3	bert_base_uncased	delta	raw	pair_not_significant	14	14	2735	195.35714285714286	6.714285714285714	-0.24370139070714897	-0.24811382801327017	-0.14379169333439606	-0.14643839361451397	0.38494577588798695	0.3817966903073286	0.31734044152385865	0.3128447596532703	0.9165211480432265	0.9151413743730403	0.9253917501887503	0.9240764742727523	0.11351658160087162	0.11576268808093865	0.1576648866236955	0.16067361016465112
delta	4	bert_base_uncased	delta	conditioned-cat-only	all	76	76	1862	24.5	2.9166666666666665	0.6169606339432957	0.49826743493029657	0.45571571187225773	0.3548655097759609	0.9394528712878527	0.926775956284153	0.9379435650943667	0.9240437158469945	0.13906154019326103	0.1476456799362907	0.36764087263336565	0.381420525546468	0.6631656786230254	0.610901107938436	0.7034514772206316	0.6726188844711347
delta	4	bert_base_uncased	delta	conditioned-cat-only	pair_significant	62	62	1837	29.629032258064516	2.942857142857143	0.6095553092009416	0.4932387795908134	0.45070705217111745	0.351179415977707	0.937618109811727	0.9257617728531856	0.9360630670669232	0.9229916897506926	0.13913068410398416	0.14779617701103992	0.3674083186168109	0.38150508746290557	0.6529585779752384	0.6055119266079434	0.6944651583485296	0.6680845199901254
delta	4	bert_base_uncased	delta	conditioned-cat-only	pair_not_significant	14	14	25	1.7857142857142858	2.0	0.861336350440979	0.861336350440979	0.6210014820098877	0.6210014820098877	1.0	1.0	1.0	1.0	0.13677979113939773	0.13677979113939773	0.3753151551796739	0.3753151551796739	1.0	1.0	1.0	1.0
delta	4	bert_base_uncased	delta	conditioned-exclude	all	76	76	8568	112.73684210526316	3.084507042253521	-0.045219320786418396	-0.08721028210506075	-0.004977216175757348	-0.031027669804135256	0.5135328522346749	0.48135774422023253	0.47353905543646124	0.4316450621408526	0.7489095536799208	0.8076458822424383	0.8055381310526968	0.8422676072981964	0.1942619964427165	0.15072243282255915	0.2604669868684283	0.21553036480493706
delta	4	bert_base_uncased	delta	conditioned-exclude	pair_significant	62	62	6422	103.58064516129032	3.169491525423729	-0.03896987918243908	-0.09302758696866391	-0.000918922493891681	-0.03442440588432861	0.5411744723091338	0.5148768809849521	0.5030732640776513	0.4652872777017784	0.7083409437232548	0.7573026067396362	0.7778361450214828	0.8075067242656327	0.2147719761421481	0.17366920996908033	0.28775126318901256	0.2501614638456429
delta	4	bert_base_uncased	delta	conditioned-exclude	pair_not_significant	14	14	2146	153.28571428571428	2.6666666666666665	-0.08063282320896785	-0.06640318801187958	-0.027974213706329465	-0.018878365463480377	0.35689700514607425	0.3614678899082569	0.30617853980305093	0.3113149847094801	0.9787983434343612	0.9877116162732555	0.9625160518962426	0.9665988880165034	0.07803877814593753	0.06864735468625587	0.10585608771845087	0.09166329007096281
delta	4	bert_base_uncased	delta	raw	all	76	76	14183	186.6184210526316	8.986842105263158	-0.38371952703222634	-0.3870529244950138	-0.2124609332314382	-0.21455094483936726	0.4215642851001732	0.41605891605891604	0.30168610933881523	0.29622479622479625	0.8140511423710197	0.816415651897966	0.8501402471722457	0.8514136893474075	0.17409636704927428	0.17335897112068177	0.25679284871369074	0.256964514896619
delta	4	bert_base_uncased	delta	raw	pair_significant	62	62	11448	184.6451612903226	9.5	-0.4173233867622912	-0.4224247298222771	-0.23186073390459042	-0.2350409997748029	0.42794555299869197	0.4222571628232006	0.2968650072669472	0.2908805031446541	0.7919413298931046	0.7938584005051593	0.8340077940833334	0.8349373444270664	0.1832022971289626	0.18223718833074193	0.2729737512415284	0.2733360361258912
delta	4	bert_base_uncased	delta	raw	pair_not_significant	14	14	2735	195.35714285714286	6.714285714285714	-0.22345496524268618	-0.2275035047209752	-0.11993880694409689	-0.12212771832208326	0.39113054589185237	0.3881008668242711	0.3246790576815703	0.3203309692671395	0.9194979403426142	0.9181632539250941	0.927079638827058	0.9257325217540538	0.13066808513076067	0.13331254455615513	0.1796223905040035	0.18311850424543388
delta	5	bert_base_uncased	delta	conditioned-cat-only	all	76	76	1862	24.5	2.9166666666666665	0.5983102190143922	0.4888134566176418	0.4254980451591751	0.3355580030630032	0.9377276106895993	0.9278688524590164	0.9377380251117784	0.9278688524590164	0.17438241900594176	0.1830881146075514	0.41507068492030386	0.42691441103466626	0.712568062339428	0.6260698051346151	0.7473623551564597	0.6937018772837071
delta	5	bert_base_uncased	delta	conditioned-cat-only	pair_significant	62	62	1837	29.629032258064516	2.942857142857143	0.591753335613193	0.484299967495255	0.4218741398530476	0.3326559404979287	0.9358405685892841	0.9268698060941828	0.9358512986000141	0.9268698060941828	0.1741035417067735	0.18308122741543306	0.41375636412276107	0.4264777232201989	0.703858003622441	0.6208907165630724	0.7397066689490797	0.6894595210133982
delta	5	bert_base_uncased	delta	conditioned-cat-only	pair_not_significant	14	14	25	1.7857142857142858	2.0	0.8146873712539673	0.8146873712539673	0.5450869202613831	0.5450869202613831	1.0	1.0	1.0	1.0	0.18358536987849491	0.18358536987849491	0.45844327123921563	0.4584432712392157	1.0	1.0	1.0	1.0
delta	5	bert_base_uncased	delta	conditioned-exclude	all	76	76	8568	112.73684210526316	3.084507042253521	-0.032167980740390095	-0.07287696178670655	0.005970399014040595	-0.018161492309609586	0.5132922456720951	0.4846986502739543	0.4765077057806603	0.43498596819457436	0.7605237486992967	0.8165780425586608	0.8164306112269001	0.8500622952990241	0.20680181635839126	0.16054918214796182	0.27108336281258083	0.2259359364141088
delta	5	bert_base_uncased	delta	conditioned-exclude	pair_significant	62	62	6422	103.58064516129032	3.169491525423729	-0.025279298020691118	-0.07666586037994272	0.010432078035128321	-0.02012206778724862	0.5405937322913877	0.5188098495212038	0.5061207999305453	0.4697332421340629	0.7217757306705977	0.7685057994066397	0.7909452058876023	0.8182674727728247	0.22662863814011755	0.18181764103618941	0.29512781390910575	0.2554500785183971
delta	5	bert_base_uncased	delta	conditioned-exclude	pair_not_significant	14	14	2146	153.28571428571428	2.6666666666666665	-0.07120384948535098	-0.05932498687952301	-0.019312448772123188	-0.0111489874819441	0.3585838214961031	0.36269113149847093	0.3087001722646456	0.3107033639143731	0.9800958508619249	0.9885208425299271	0.9608479081495873	0.9637846941572599	0.09444982626194227	0.08447704295630752	0.13483147326560654	0.12037098043497886
delta	5	bert_base_uncased	delta	raw	all	76	76	14183	186.6184210526316	8.986842105263158	-0.3465207718871534	-0.34935299928951863	-0.1818037889090677	-0.18339538491847376	0.4261856176470221	0.42084942084942084	0.31976805888467363	0.31445731445731445	0.8236404675375116	0.8258951797737362	0.8575859073894891	0.8587925190770969	0.17726082833541243	0.17768592494682378	0.2638323406166733	0.2648767575496334
delta	5	bert_base_uncased	delta	raw	pair_significant	62	62	11448	184.6451612903226	9.5	-0.37645236714442654	-0.38080338327329477	-0.19918639707048574	-0.20172038060192546	0.4333725580450302	0.4279350104821803	0.3177665388743338	0.3121069182389937	0.802800664340424	0.8046421523878426	0.8427102438492	0.8436213589779535	0.1873017874866435	0.18781513760748003	0.27911745726002485	0.2804429032565658
delta	5	bert_base_uncased	delta	raw	pair_not_significant	14	14	2735	195.35714285714286	6.714285714285714	-0.20377008681400463	-0.20749169280950694	-0.09890211921615097	-0.10073795758035119	0.3919094403642142	0.3888888888888889	0.32931376970321696	0.32505910165484636	0.9230302981697753	0.9217598990462775	0.9285313796585609	0.9272241348434453	0.12937317699877188	0.1319967103923741	0.19093409200991987	0.19466350457368298
delta	6	bert_base_uncased	delta	conditioned-cat-only	all	76	76	1862	24.5	2.9166666666666665	0.5818684635656503	0.4791447911014567	0.40084807793883714	0.3195713748962013	0.942360938817987	0.9333333333333333	0.9424207519022696	0.9316939890710383	0.20314629954485103	0.2102349288308337	0.4510966217380153	0.4606573748224694	0.590318259754563	0.5861099470619596	0.6334780513251816	0.6536225003634235
delta	6	bert_base_uncased	delta	conditioned-cat-only	pair_significant	62	62	1837	29.629032258064516	2.942857142857143	0.5755460524056671	0.47483228084184953	0.3975749480904955	0.31694962990952663	0.9406143006003503	0.932409972299169	0.9406759262023382	0.9307479224376731	0.20302304277625138	0.21027677309568407	0.44969223845111206	0.46014790258724286	0.6098901935518394	0.5949972808932271	0.6538105048058767	0.6631947360130245
delta	6	bert_base_uncased	delta	conditioned-cat-only	pair_not_significant	14	14	25	1.7857142857142858	2.0	0.7905080318450928	0.7905080318450928	0.5088613629341125	0.5088613629341125	1.0	1.0	1.0	1.0	0.20721377290863968	0.2072137729086397	0.4974412702058243	0.49744127020582435	-0.05555555555555555	-0.05555555555555555	-0.03749291353775813	-0.03749291353775813
delta	6	bert_base_uncased	delta	conditioned-exclude	all	76	76	8568	112.73684210526316	3.084507042253521	-0.02292764685334987	-0.06262204111174169	0.012433156196493655	-0.010287672744810752	0.5199681299052948	0.49231591607643993	0.49571315320866643	0.45823867432847787	0.769107915972587	0.8229082964529068	0.824875669643596	0.8563295458872252	0.20990978169926486	0.16501828554853673	0.27773873477882055	0.23085028856023063
delta	6	bert_base_uncased	delta	conditioned-exclude	pair_significant	62	62	6422	103.58064516129032	3.169491525423729	-0.015178310395248107	-0.06446794768189137	0.017554629073642632	-0.010739102533227915	0.54773058939285	0.527530779753762	0.5225975793909662	0.4892270861833105	0.7317278359620577	0.7764822578174053	0.800892782551585	0.826542988377045	0.23071188363857928	0.18733485887879595	0.3045523648230269	0.2637948118782217
delta	6	bert_base_uncased	delta	conditioned-exclude	pair_not_significant	14	14	2146	153.28571428571428	2.6666666666666665	-0.06684055344925986	-0.056019679263279706	-0.016588523440683883	-0.00867301745266178	0.36264752614248197	0.36636085626911313	0.34336807150896864	0.3474006116207951	0.9809283693655875	0.988963020575484	0.9607786964983257	0.9628688659603348	0.09203120404314981	0.08519729421192773	0.12579483119498486	0.11301568772621738
delta	6	bert_base_uncased	delta	raw	all	76	76	14183	186.6184210526316	8.986842105263158	-0.31912089793942866	-0.32163876814920006	-0.16198333772520224	-0.1632470135167763	0.4316517170339517	0.42635492635492633	0.336510978296191	0.33176033176033176	0.8309721367253562	0.8331230086161115	0.8643189959083859	0.8653447268470664	0.17022916385743955	0.1708066953040727	0.2556890546696983	0.2568445122104429
delta	6	bert_base_uncased	delta	raw	pair_significant	62	62	11448	184.6451612903226	9.5	-0.34572991475297676	-0.3495483371077662	-0.17737142699620417	-0.17943243861229666	0.4394158011435814	0.43404961565338923	0.3333199569499456	0.32817959468902863	0.8111198761256833	0.8128847367217744	0.8505753804468047	0.8513340436120239	0.18076083721920094	0.18154594539239197	0.27418932767753906	0.2759590906570527
delta	6	bert_base_uncased	delta	raw	pair_not_significant	14	14	2735	195.35714285714286	6.714285714285714	-0.1922163562132762	-0.19574879752758265	-0.08859398889427002	-0.09024041521357823	0.3946230082034102	0.39164696611505123	0.3517296954859769	0.3479117415287628	0.9256521488161037	0.9244105329054622	0.929865469648235	0.9285418512264065	0.12000118320903905	0.12236582256527058	0.16745698340153445	0.17062556262147957
delta	7	bert_base_uncased	delta	conditioned-cat-only	all	76	76	1862	24.5	2.9166666666666665	0.5556386324083981	0.45957776221238034	0.3695914328700918	0.29558171203024075	0.9495493778413902	0.9420765027322404	0.9440063125053342	0.9355191256830601	0.24414327327796392	0.25163898508164545	0.4959772913669145	0.506935922583935	0.5624571384518866	0.5447817210956356	0.622892770648686	0.6376395161113034
delta	7	bert_base_uncased	delta	conditioned-cat-only	pair_significant	62	62	1837	29.629032258064516	2.942857142857143	0.5508196986647267	0.4560447195013392	0.3678089131629377	0.29374192157074025	0.9480205711093109	0.9412742382271468	0.9423095340964048	0.9346260387811635	0.24296614060079386	0.25120477917384865	0.49350377387610816	0.5059571490939131	0.5817253697811208	0.5533437185542017	0.6381467920515531	0.6448158243073869
delta	7	bert_base_uncased	delta	conditioned-cat-only	pair_not_significant	14	14	25	1.7857142857142858	2.0	0.7146634459495544	0.7146634459495544	0.42841458320617676	0.42841458320617676	1.0	1.0	1.0	1.0	0.28298865162457615	0.28298865162457615	0.577603368563527	0.577603368563527	-0.07339449541284404	-0.07339449541284404	0.11951006435407435	0.11951006435407435
delta	7	bert_base_uncased	delta	conditioned-exclude	all	76	76	8568	112.73684210526316	3.084507042253521	-0.015845495533236924	-0.054377778502376635	0.01554869843336443	-0.005833926798767578	0.5236919787053037	0.49619136709875716	0.5089680526442937	0.4740077509020446	0.7820084478020146	0.8325943657423002	0.8393119679466566	0.867863847259229	0.19304089833266128	0.14995532644154683	0.26248387624277203	0.21643532889640613
delta	7	bert_base_uncased	delta	conditioned-exclude	pair_significant	62	62	6422	103.58064516129032	3.169491525423729	-0.008118805211886545	-0.05533065431451792	0.02075278306124257	-0.005589677047104831	0.5497864837330113	0.5287277701778386	0.53316628559507	0.5011969904240766	0.746547138283861	0.7885840794119375	0.8171392981634146	0.8403982917516081	0.22020951451451254	0.18123801125472483	0.2989406886658622	0.2623449369799518
delta	7	bert_base_uncased	delta	conditioned-exclude	pair_not_significant	14	14	2146	153.28571428571428	2.6666666666666665	-0.05963007402088907	-0.05096957192781868	-0.013941114457945028	-0.006707549152115434	0.3758231168816275	0.3798165137614679	0.3718447325898951	0.3767584097859327	0.9829558684048839	0.9900085274915117	0.9649570967183618	0.9661015039005559	0.03908540663550395	0.03806472045532974	0.05589527251192735	0.05222775209360806
delta	7	bert_base_uncased	delta	raw	all	76	76	14183	186.6184210526316	8.986842105263158	-0.291050533062468	-0.2929886868728963	-0.14594824911793694	-0.1468571832249519	0.43493603713847856	0.4295724295724296	0.35375872897219207	0.3494923494923495	0.8414964639099897	0.8435039055364468	0.8755013181297296	0.8761816467168878	0.17117546840136424	0.17298802368613608	0.2590172983171676	0.260732837508728
delta	7	bert_base_uncased	delta	raw	pair_significant	62	62	11448	184.6451612903226	9.5	-0.3153464970809798	-0.3183917541143593	-0.16027440011009364	-0.1618776966500484	0.4430633516023318	0.43763102725366876	0.35118692719142036	0.3466107617051013	0.8225276050694129	0.8241453292902228	0.8626696168530396	0.8630231422369977	0.1777510007773005	0.17971697439504714	0.27466091903331197	0.27686927399585415
delta	7	bert_base_uncased	delta	raw	pair_not_significant	14	14	2735	195.35714285714286	6.714285714285714	-0.17517747389725769	-0.17840463889012712	-0.0776235290014973	-0.07910508011600591	0.3961749989262552	0.39322301024428685	0.36602424515741094	0.3624901497241923	0.9319633291496644	0.9308234409449465	0.9366986626800977	0.935534900966604	0.1398152370699762	0.14263616091402648	0.18440926105555644	0.18794720909871215
delta	8	bert_base_uncased	delta	conditioned-cat-only	all	76	76	1862	24.5	2.9166666666666665	0.5265585646471557	0.4366285694813956	0.3398249532260439	0.2710063192382699	0.9453651831479382	0.9355191256830601	0.9437426576201275	0.9333333333333333	0.2859679589832352	0.29318199216036694	0.5371049502980023	0.5500036280391966	0.509870727316869	0.5405027974506176	0.5554954196124982	0.6183536738943525
delta	8	bert_base_uncased	delta	conditioned-cat-only	pair_significant	62	62	1837	29.629032258064516	2.942857142857143	0.5224905562671748	0.4335236626710753	0.3386331071343386	0.2695084029638371	0.9437095826372697	0.9346260387811635	0.9420378896692222	0.932409972299169	0.2843696358184683	0.29255137399886866	0.5343167208006907	0.5489078815617716	0.5275454310359514	0.5490055300387542	0.5687070970445715	0.6252628651622232
delta	8	bert_base_uncased	delta	conditioned-cat-only	pair_not_significant	14	14	25	1.7857142857142858	2.0	0.6608028411865234	0.6608028411865234	0.37915587425231934	0.37915587425231934	1.0	1.0	1.0	1.0	0.3387126234205446	0.3387126234205446	0.6291165237092845	0.6291165237092845	-0.07339449541284404	-0.07339449541284404	0.11951006435407435	0.11951006435407435
delta	8	bert_base_uncased	delta	conditioned-exclude	all	76	76	8568	112.73684210526316	3.084507042253521	-0.009322882517396162	-0.04598901565100803	0.017186721283360386	-0.0023841915542974703	0.5285689927065435	0.5000668181210745	0.5195671807643875	0.48389683282106105	0.7948304263719623	0.8423221006506066	0.8537462770115699	0.8795918944801379	0.19086592957603027	0.1446856686704599	0.25599042879818024	0.20841031468633006
delta	8	bert_base_uncased	delta	conditioned-exclude	pair_significant	62	62	6422	103.58064516129032	3.169491525423729	-0.0014220915652592393	-0.045733666776164424	0.022775942294210122	-0.0009240279753409611	0.5543033480229558	0.5318057455540356	0.5440040696418748	0.5114569083447332	0.761371624254937	0.8007950462166273	0.8335944005547649	0.8547489363907228	0.2153190542196534	0.17104589201683	0.2883251130963408	0.24751581471574283
delta	8	bert_base_uncased	delta	conditioned-exclude	pair_not_significant	14	14	2146	153.28571428571428	2.6666666666666665	-0.054094031246172056	-0.046902336886534265	-0.014485531111454798	-0.00760684391499329	0.3827409792468735	0.38654434250764524	0.38109147712529307	0.3853211009174312	0.9844303050351054	0.9908543418309799	0.9679402436001312	0.9684491537504127	0.05229822326216587	0.05040151813249503	0.07276055110860383	0.06853938858724405
delta	8	bert_base_uncased	delta	raw	all	76	76	14183	186.6184210526316	8.986842105263158	-0.26372468071834493	-0.2652121016694904	-0.13259163526818157	-0.13338756560137285	0.4353656594764333	0.4302874302874303	0.3682089888460912	0.3633633633633634	0.8517914536036074	0.8536465463731021	0.8856079904083668	0.8863506597522157	0.16825195232295156	0.16832067360593259	0.25360335505261783	0.2544315115255742
delta	8	bert_base_uncased	delta	raw	pair_significant	62	62	11448	184.6451612903226	9.5	-0.2849510471625704	-0.2873069225717686	-0.14585895550572464	-0.14728948104281206	0.4442298383419959	0.4392033542976939	0.3689916871701807	0.3639063591893781	0.8335527295401722	0.8349970804242388	0.8736129110014094	0.8740634904263659	0.17524411763161185	0.17511102317434066	0.26856319153196917	0.2696418049091084
delta	8	bert_base_uncased	delta	raw	pair_not_significant	14	14	2735	195.35714285714286	6.714285714285714	-0.1624912407535773	-0.16555035632304405	-0.06931672336605306	-0.07068105339743432	0.39309034488682737	0.3900709219858156	0.36447611991581835	0.3609141055949567	0.938776137598453	0.9377675417169108	0.9428152921953951	0.9417736362858371	0.1349047023893411	0.13769186278673026	0.18225644261263446	0.1858233796679306
delta	9	bert_base_uncased	delta	conditioned-cat-only	all	76	76	1862	24.5	2.9166666666666665	0.4967282531125581	0.41099854742527986	0.31210394294055943	0.24667450705024063	0.9477467387378508	0.9371584699453552	0.9465406217083043	0.9360655737704918	0.3290315298111068	0.338477148956598	0.5762542113636678	0.5922986284517515	0.5522268779579909	0.5436672902970634	0.6060149942658274	0.6284106371851517
delta	9	bert_base_uncased	delta	conditioned-cat-only	pair_significant	62	62	1837	29.629032258064516	2.942857142857143	0.4933411960461826	0.40826305450453654	0.31144666764885187	0.245467865491838	0.9461633065783918	0.9362880886426593	0.9449206405479498	0.935180055401662	0.32717578003547093	0.3377597788257048	0.5732464499238002	0.5911461116868272	0.5711851013934707	0.5522138524260094	0.6207575678995167	0.6354591215733937
delta	9	bert_base_uncased	delta	conditioned-cat-only	pair_not_significant	14	14	25	1.7857142857142858	2.0	0.608501136302948	0.608501136302948	0.3337940275669098	0.3337940275669098	1.0	1.0	1.0	1.0	0.39027127240709075	0.39027127240709075	0.6755103388793012	0.6755103388793011	-0.07339449541284404	-0.07339449541284404	0.11951006435407435	0.11951006435407435
delta	9	bert_base_uncased	delta	conditioned-exclude	all	76	76	8568	112.73684210526316	3.084507042253521	-0.006921931204851716	-0.04213396962631576	0.016105660829634872	-0.0021385938425641533	0.5265432199948236	0.4969931845516504	0.5241045925657138	0.484965922758252	0.8088957804581351	0.8530600220177729	0.8663122383415428	0.8894086129076587	0.17878439749394234	0.12968098449719026	0.2464854345853051	0.19490437977248024
delta	9	bert_base_uncased	delta	conditioned-exclude	pair_significant	62	62	6422	103.58064516129032	3.169491525423729	0.0003701588275897152	-0.042116883779079184	0.0209287162305212	-0.0015031426083361435	0.5530399513820154	0.5297537619699042	0.549145595952367	0.5124829001367989	0.7777097213994673	0.8143817257630129	0.8489867015865383	0.8685072900119853	0.20359263652199622	0.15614273553506933	0.27931825973480945	0.23387685649446371
delta	9	bert_base_uncased	delta	conditioned-exclude	pair_not_significant	14	14	2146	153.28571428571428	2.6666666666666665	-0.04824377472201983	-0.04219508157410753	-0.01122498644205431	-0.004411449388598038	0.3763950754674031	0.3798165137614679	0.38220557337468003	0.38654434250764524	0.9856167817905865	0.9914029434231774	0.9644902799532341	0.9641675953504095	0.038204376334970064	0.03503369393479457	0.060432758738114205	0.05550924590693952
delta	9	bert_base_uncased	delta	raw	all	76	76	14183	186.6184210526316	8.986842105263158	-0.2414550000107071	-0.24282779325356157	-0.12294365491834469	-0.1237722313839457	0.43694407822324705	0.4319319319319319	0.3813835708787147	0.3770913770913771	0.8627859615397032	0.8644465391570189	0.894369344947117	0.8950495618588639	0.15325519692470888	0.15475843131147296	0.2401998178801054	0.24184346165242004
delta	9	bert_base_uncased	delta	raw	pair_significant	62	62	11448	184.6451612903226	9.5	-0.2603129151262223	-0.26242548865092863	-0.13593263830238533	-0.13740264089375534	0.4462214820278603	0.4412997903563941	0.3836318749507695	0.37928022361984626	0.8455410889763608	0.8467815045168156	0.8839585091348153	0.8843996360204224	0.16573266429567374	0.16788412600234606	0.2600406214310163	0.2625919973866688
delta	9	bert_base_uncased	delta	raw	pair_not_significant	14	14	2735	195.35714285714286	6.714285714285714	-0.15151725099825014	-0.1544296778441612	-0.060996195702150896	-0.06229038423331503	0.39269799853970705	0.3896769109535067	0.3706608899196838	0.3672182821118991	0.9450307383802594	0.9441271209383616	0.9440210234365558	0.9430875252152389	0.09374727561703039	0.09555317015264096	0.14557444709883818	0.14825432174474507
delta	10	bert_base_uncased	delta	conditioned-cat-only	all	76	76	1862	24.5	2.9166666666666665	0.46145882923156023	0.3827631938622379	0.28108820310273375	0.22053592352214385	0.9449174786812035	0.9333333333333333	0.9459498583791784	0.9344262295081968	0.38181513006527584	0.3911850321984266	0.620601884065763	0.638251471026051	0.5267470784596151	0.5373655878733121	0.5795256166395294	0.6200712398514839
delta	10	bert_base_uncased	delta	conditioned-cat-only	pair_significant	62	62	1837	29.629032258064516	2.942857142857143	0.45874084921723063	0.38043093657910493	0.28078316910559253	0.21955782931873322	0.9432483113685125	0.932409972299169	0.9443119752997596	0.9335180055401662	0.37984800628675214	0.3904157083402808	0.6176382958166692	0.6371413764933664	0.5449331867587807	0.5458248688052535	0.5934654818603008	0.627004220121531
delta	10	bert_base_uncased	delta	conditioned-cat-only	pair_not_significant	14	14	25	1.7857142857142858	2.0	0.5511521697044373	0.5511521697044373	0.29115432500839233	0.29115432500839233	1.0	1.0	1.0	1.0	0.44673021475655655	0.4467302147565565	0.7184002962858638	0.7184002962858638	-0.07339449541284404	-0.07339449541284404	0.11951006435407435	0.11951006435407435
delta	10	bert_base_uncased	delta	conditioned-exclude	all	76	76	8568	112.73684210526316	3.084507042253521	0.00017771292671871683	-0.03229341171210184	0.017644529698494203	0.0016248863767339662	0.5288767166748239	0.49819591073099023	0.5309111044466797	0.4909795536549512	0.8253381987693548	0.8656131215468076	0.8813972363979867	0.9020683762110185	0.18717418245573428	0.13961949397831927	0.2478004930755621	0.19963512564683883
delta	10	bert_base_uncased	delta	conditioned-exclude	pair_significant	62	62	6422	103.58064516129032	3.169491525423729	0.007342534589435102	-0.03145753524195156	0.023082034920305743	0.00398582344340121	0.557223945649573	0.5340287277701778	0.5597024325236295	0.524281805745554	0.7967560813091924	0.8301858708620247	0.8655489199430388	0.8828189392799431	0.2121179289638448	0.16647658345623384	0.28024922870980395	0.23843548156997027
delta	10	bert_base_uncased	delta	conditioned-exclude	pair_not_significant	14	14	2146	153.28571428571428	2.6666666666666665	-0.040422943162007466	-0.03528313990625402	-0.01316799989177121	-0.006819615131443429	0.3682424191512464	0.37003058103975534	0.3677602453439637	0.37186544342507644	0.9873035310436075	0.992327838369199	0.9712043629760247	0.9709189616378869	0.045826285576441306	0.0435581733258149	0.06392432448152471	0.060855626296090946
delta	10	bert_base_uncased	delta	raw	all	76	76	14183	186.6184210526316	8.986842105263158	-0.21038482732818617	-0.21143229408341313	-0.10817210266269588	-0.10903762799974719	0.43832230913067877	0.43329043329043326	0.4002910963858139	0.3956813956813957	0.8752874669867284	0.8766355684632545	0.9045906830658175	0.9051326626714953	0.15544371961987277	0.15519593633174417	0.24335542239794786	0.24368358695959885
delta	10	bert_base_uncased	delta	raw	pair_significant	62	62	11448	184.6451612903226	9.5	-0.22673489890932555	-0.22837718553959238	-0.11951074900078369	-0.12091845218140404	0.44813184807530876	0.44322152341020266	0.40561475857805557	0.40103074772886094	0.8595163505460103	0.8604428396052415	0.8948105073753139	0.8950377851537187	0.16441009076079094	0.1641267939488077	0.2615763502853068	0.26236766055570576
delta	10	bert_base_uncased	delta	raw	pair_not_significant	14	14	2735	195.35714285714286	6.714285714285714	-0.13240756286429062	-0.13500001772788117	-0.0540954816656617	-0.05544752743567793	0.3915383541639823	0.38849487785658	0.37490132285358424	0.37155240346729707	0.950503560780922	0.9496751113972717	0.9512345978974507	0.9506670038155086	0.11268102648626287	0.11491206793137247	0.15645561247362044	0.15940648903673393
delta	11	bert_base_uncased	delta	conditioned-cat-only	all	76	76	1862	24.5	2.9166666666666665	0.4387666987364783	0.3647225695076943	0.2606330161404056	0.2030227209582271	0.9454789368899592	0.933879781420765	0.9411511393876913	0.9300546448087431	0.41080303022526427	0.41803152123257326	0.6442906711735947	0.6603367904837767	0.47543390671189795	0.5109418479611941	0.5392840610568308	0.6020480196194541
delta	11	bert_base_uncased	delta	conditioned-cat-only	pair_significant	62	62	1837	29.629032258064516	2.942857142857143	0.4362332027292613	0.3625390584624458	0.2602128519969428	0.20203275264913495	0.9438267834623822	0.9329639889196676	0.9393678405812577	0.9290858725761773	0.4088715509412599	0.4172488297455256	0.6416028304527016	0.6593305214466674	0.4866512021305996	0.5165606663831673	0.5487090673637187	0.6072251548921677
delta	11	bert_base_uncased	delta	conditioned-cat-only	pair_not_significant	14	14	25	1.7857142857142858	2.0	0.5223720669746399	0.5223720669746399	0.27449843287467957	0.27449843287467957	1.0	1.0	1.0	1.0	0.4745418465974096	0.4745418465974096	0.7329894149630679	0.7329894149630679	0.10526315789473684	0.10526315789473684	0.2282588529295255	0.2282588529295255
delta	11	bert_base_uncased	delta	conditioned-exclude	all	76	76	8568	112.73684210526316	3.084507042253521	0.0027639923520230997	-0.02743536389058103	0.016364790868829006	0.0022045185250918636	0.5271405580152532	0.49779500200454363	0.5318878629318974	0.49231591607643993	0.8338081931330988	0.8718237092216099	0.8881185882945832	0.9069175247758282	0.17788985288554257	0.13459483996117477	0.24262056645278923	0.19595683020349552
delta	11	bert_base_uncased	delta	conditioned-exclude	pair_significant	62	62	6422	103.58064516129032	3.169491525423729	0.009714640017288426	-0.02615422951880901	0.02121812172402975	0.0042444121366934165	0.5543767549266323	0.5319767441860465	0.5624550800874657	0.5287277701778386	0.8066279594050796	0.8380692621877583	0.8738974746738984	0.8897035626051729	0.1996214061526943	0.1577222854720518	0.2727234007001458	0.23171165268611785
delta	11	bert_base_uncased	delta	conditioned-exclude	pair_not_significant	14	14	2146	153.28571428571428	2.6666666666666665	-0.03662301108448042	-0.03201767202888242	-0.011137417310641872	-0.005091688105272591	0.3728021088507719	0.37553516819571864	0.3586736323836769	0.3620795107033639	0.9878295175918742	0.9925552115176124	0.9687048988117962	0.9684877087354563	0.05474438437168267	0.05187355473327943	0.07203783905110207	0.06807046819837308
delta	11	bert_base_uncased	delta	raw	all	76	76	14183	186.6184210526316	8.986842105263158	-0.19764303567974517	-0.19858924876211323	-0.10288425738535201	-0.103957606261611	0.4373265338658687	0.43214643214643217	0.40761793933398704	0.40247390247390247	0.8813838051614192	0.8825290492165956	0.9088692421823494	0.909389873750551	0.14793840454194285	0.14677607913681948	0.2311830332246913	0.23037458940905725
delta	11	bert_base_uncased	delta	raw	pair_significant	62	62	11448	184.6451612903226	9.5	-0.21313833932001744	-0.2146438336448749	-0.11387183160836538	-0.11553124811526018	0.44708735578909625	0.4419986023759609	0.41504725420145366	0.40994060097833684	0.866364853316246	0.8670819783078537	0.8998583692197986	0.9001091617041322	0.15777182979563428	0.15647392576224867	0.24927985956534116	0.24872166017551503
delta	11	bert_base_uncased	delta	raw	pair_not_significant	14	14	2735	195.35714285714286	6.714285714285714	-0.12374235677998513	-0.126172823333486	-0.05048198032174976	-0.05175309407068277	0.39077492161663013	0.3877068557919622	0.372185822273762	0.36879432624113473	0.9530126524230144	0.9522051988475154	0.9518441747729768	0.9512518089386521	0.10104053025510679	0.10303260074126647	0.1448750922154383	0.1476175893560987
delta	12	bert_base_uncased	delta	conditioned-cat-only	all	76	76	1862	24.5	2.9166666666666665	0.4369109148803331	0.3646368541084281	0.25414749571834416	0.2002171471005031	0.9437439928772307	0.9311475409836065	0.9354992487254689	0.9240437158469945	0.41375285311849136	0.41910879234808607	0.6497144335488697	0.661113928270686	0.4355727713478995	0.4665246832626211	0.5037706821144391	0.5650938744197725
delta	12	bert_base_uncased	delta	conditioned-cat-only	pair_significant	62	62	1837	29.629032258064516	2.942857142857143	0.43491263808259234	0.36272248852536226	0.2537838015987566	0.19930395797911485	0.942039265388662	0.9301939058171745	0.9335446805050285	0.9229916897506926	0.41130503463816326	0.41806416533117147	0.646924107393438	0.6599964591791704	0.44850495918610184	0.4728642138800089	0.5195816632358826	0.5731698518340798
delta	12	bert_base_uncased	delta	conditioned-cat-only	pair_not_significant	14	14	25	1.7857142857142858	2.0	0.50285404920578	0.50285404920578	0.2661494016647339	0.2661494016647339	1.0	1.0	1.0	1.0	0.49453086296931825	0.4945308629693182	0.7417951966781134	0.7417951966781134	0.00881057268722467	0.00881057268722467	-0.01799169489319756	-0.01799169489319756
delta	12	bert_base_uncased	delta	conditioned-exclude	all	76	76	8568	112.73684210526316	3.084507042253521	0.0034572453679478105	-0.02651170833489659	0.012282882797687003	-0.0023290508903215036	0.5305656245270076	0.49993318187892555	0.5263590928555487	0.48523319524254976	0.8340871794629537	0.8718855854885986	0.8908541723033291	0.9100080921727639	0.16842544769322856	0.12607528570973905	0.23810863204228833	0.19366629294430207
delta	12	bert_base_uncased	delta	conditioned-exclude	pair_significant	62	62	6422	103.58064516129032	3.169491525423729	0.010958023759075348	-0.024224663389211934	0.0176963159294032	0.00044324286505815645	0.5575786791081095	0.5331737346101231	0.5578270820544161	0.5230848153214774	0.8068981193867608	0.8381343079820743	0.8762631920239372	0.8923578562982263	0.19134362651637574	0.15123550382073864	0.26742974756489907	0.2291917797122194
delta	12	bert_base_uncased	delta	conditioned-exclude	pair_not_significant	14	14	2146	153.28571428571428	2.6666666666666665	-0.03904716551510824	-0.0346919155779326	-0.018393238282038107	-0.012244875894272728	0.3774916485674304	0.38103975535168194	0.3480404873953001	0.3498470948012232	0.9881585198947135	0.9926057511510789	0.9735363938865481	0.9731387217717217	0.03855576769539428	0.03608326398917307	0.07195564408082723	0.06660020938541492
delta	12	bert_base_uncased	delta	raw	all	76	76	14183	186.6184210526316	8.986842105263158	-0.20058480327948927	-0.20152672943324182	-0.11067129291904469	-0.11174990876695524	0.4357650529536259	0.43135993135993134	0.4015738248866368	0.3963248963248963	0.8808009765185265	0.8818675433460244	0.9117748884599767	0.9128213473062119	0.14483346623735235	0.14457203928603196	0.22774938922786905	0.2272952014130598
delta	12	bert_base_uncased	delta	raw	pair_significant	62	62	11448	184.6451612903226	9.5	-0.21624495987329753	-0.21772415503702672	-0.12198118203800291	-0.12361650360460347	0.44536299992791745	0.4412124388539483	0.4103290334098584	0.4052236198462614	0.866188027257784	0.8668358178197015	0.9030331466363046	0.9039179859318907	0.15682918653205205	0.156813983341084	0.24582239979779744	0.24570754436112807
delta	12	bert_base_uncased	delta	raw	pair_not_significant	14	14	2735	195.35714285714286	6.714285714285714	-0.12589790260132688	-0.12846600117787155	-0.05673182173632085	-0.05822399162692499	0.38999022892238966	0.38691883372734437	0.35981821500665717	0.3561859732072498	0.9504935037620693	0.9496702201881609	0.9534662725421051	0.9529811901010226	0.08762310790878439	0.08935305759090344	0.1415550311251338	0.14424378215794342
orig	0	bert_base_uncased	orig	conditioned-cat-only	all	76	76	1862	24.5	2.9166666666666665	0.5047483918503585	0.30803472583915	0.42342955161653023	0.26137542446383116	0.7767667430943538	0.6683060109289618	0.7767667430943538	0.6683060109289618	0.09723353883950613	0.09874079926831675	0.28606800440550434	0.288806857540924	0.6135305949306229	0.5033150014336111	0.6729700269598882	0.5947577824228611
orig	0	bert_base_uncased	orig	conditioned-cat-only	pair_significant	62	62	1837	29.629032258064516	2.942857142857143	0.49240342785858293	0.2996677247624215	0.4134399667664459	0.2545650307352234	0.7700020989456978	0.6637119113573408	0.7700020989456978	0.6637119113573408	0.09714997827243492	0.09872348294858628	0.28642642177133654	0.28900861136651795	0.6018194008376114	0.4964357078246583	0.6630600277768546	0.5891450093262248
orig	0	bert_base_uncased	orig	conditioned-cat-only	pair_not_significant	14	14	25	1.7857142857142858	2.0	0.912132203578949	0.912132203578949	0.7530858516693115	0.7530858516693115	1.0	1.0	1.0	1.0	0.09999103755285592	0.09999103755285592	0.27424023133304165	0.27424023133304165	1.0	1.0	1.0	1.0
orig	0	bert_base_uncased	orig	conditioned-exclude	all	76	76	8568	112.73684210526316	3.084507042253521	-0.13212562929062793	-0.16515907221363607	-0.09362895185865151	-0.11969132305353285	0.3980662046387114	0.3768542028598156	0.3980662046387114	0.3768542028598156	0.7325601771798481	0.7973387345908354	0.7949294211296343	0.8420387778634694	0.11023875755043284	0.07403905494567152	0.1664448372319464	0.1280391978753992
orig	0	bert_base_uncased	orig	conditioned-exclude	pair_significant	62	62	6422	103.58064516129032	3.169491525423729	-0.13809706971012786	-0.18947890978273088	-0.09737589945971016	-0.13717767598657524	0.405908661142576	0.380984952120383	0.405908661142576	0.380984952120383	0.6885209949626466	0.7431062636213892	0.760877942773838	0.7995163609295238	0.12966315610339935	0.09517012136003505	0.19476778400214842	0.16291166726171738
orig	0	bert_base_uncased	orig	conditioned-exclude	pair_not_significant	14	14	2146	153.28571428571428	2.6666666666666665	-0.09828746691346169	-0.07817288866374836	-0.07239624878598584	-0.057146863143788564	0.35362561778347873	0.3620795107033639	0.35362561778347873	0.3620795107033639	0.9821155430773229	0.9913151812142739	0.9878877984791452	0.9941311902363833	0.00016716575028927455	-0.0015416645596483729	0.005948138867468364	0.003308799727883128
orig	0	bert_base_uncased	orig	raw	all	76	76	14183	186.6184210526316	8.986842105263158	-0.5250016507164885	-0.5276753675090978	-0.4118336345907301	-0.41248966485348015	0.19521890746829124	0.1921921921921922	0.19293594455924346	0.18976118976118977	0.8044970254998276	0.807631318143279	0.8488001298854669	0.851100097073788	0.041456585442502476	0.04065294268444001	0.07029097807249499	0.06919257119013869
orig	0	bert_base_uncased	orig	raw	pair_significant	62	62	11448	184.6451612903226	9.5	-0.5737630951578819	-0.5786243645049818	-0.4485674210365922	-0.4505048084798148	0.17512339696401566	0.17138364779874213	0.1723617482837159	0.1684136967155835	0.7789422734654131	0.7815893525648179	0.8286333341068859	0.8305234180113785	0.04743725126820043	0.046751257829499134	0.07981653140781556	0.07896031242655328
orig	0	bert_base_uncased	orig	raw	pair_not_significant	14	14	2735	195.35714285714286	6.714285714285714	-0.2924470695344588	-0.2978628704212811	-0.23664173000277236	-0.24101710211341779	0.2910590344886827	0.2860520094562648	0.2910590344886827	0.2860520094562648	0.9263735352024198	0.9250972054333605	0.9449802328294692	0.9439140536957192	0.012933409966096886	0.013145648838641496	0.024861416011735363	0.02513382348546013
orig	1	bert_base_uncased	orig	conditioned-cat-only	all	76	76	1862	24.5	2.9166666666666665	0.5395887502304771	0.41272364304365355	0.3825513497268891	0.2900858452019429	0.9187085693601025	0.8972677595628415	0.9179990114816955	0.8961748633879781	0.20918842949448674	0.21290317655193858	0.45022848988019626	0.4511013203270266	0.6446151401920527	0.5404396950706177	0.7046760730998199	0.6396396415879312
orig	1	bert_base_uncased	orig	conditioned-cat-only	pair_significant	62	62	1837	29.629032258064516	2.942857142857143	0.533655180116043	0.408254489013693	0.37927641157963965	0.28730830415784075	0.916245192674045	0.8958448753462603	0.9155141330417468	0.8947368421052632	0.2071748103326061	0.212034275093703	0.44811548353926595	0.4501476308699093	0.6338459020160543	0.5340745938943106	0.6957268631937539	0.634648500889703
orig	1	bert_base_uncased	orig	conditioned-cat-only	pair_not_significant	14	14	25	1.7857142857142858	2.0	0.7353965640068054	0.7353965640068054	0.4906243085861206	0.4906243085861206	1.0	1.0	1.0	1.0	0.275637861836548	0.275637861836548	0.519957699130895	0.519957699130895	1.0	1.0	1.0	1.0
orig	1	bert_base_uncased	orig	conditioned-exclude	all	76	76	8568	112.73684210526316	3.084507042253521	-0.03415863586900135	-0.06933385650264519	-0.007785066492700329	-0.03171710897575963	0.5248035928018583	0.497394093278097	0.5248159882638317	0.4975277295202459	0.7429918465164143	0.792463752035052	0.8222461767524509	0.8544994029449745	0.16014687461486812	0.1143550920338592	0.22199267071674356	0.17729846544477612
orig	1	bert_base_uncased	orig	conditioned-exclude	pair_significant	62	62	6422	103.58064516129032	3.169491525423729	-0.03673393587015715	-0.08655804473511484	-0.008162478811344971	-0.04071326842132628	0.5323018853801315	0.4984610123119015	0.5321148332184025	0.49829001367989056	0.7099092768359335	0.7517345514878695	0.7985601652509579	0.8247159600775124	0.17786591701974672	0.13125899547382935	0.2446468999105331	0.20326990046784205
orig	1	bert_base_uncased	orig	conditioned-exclude	pair_not_significant	14	14	2146	153.28571428571428	2.6666666666666665	-0.019565269195785124	-0.007727096390423425	-0.005646396687047349	0.0004599799769460608	0.4823132681916438	0.4935779816513762	0.4834558668545977	0.4948012232415902	0.9304597413724718	0.9381422626160452	0.9564669085942459	0.9610275826935485	0.05973896765388939	0.05389391324673667	0.09361870528526943	0.08440491681181599
orig	1	bert_base_uncased	orig	raw	all	76	76	14183	186.6184210526316	8.986842105263158	-0.33909012403339145	-0.33994741427827874	-0.19604593902205428	-0.1958198896671508	0.3290268849179062	0.3258973258973259	0.3258028538748077	0.3226083226083226	0.7995781818656835	0.8018230708739685	0.8631504886048079	0.864630627589944	0.08950059773462221	0.08897007038131921	0.15528765238233327	0.15477656057319222
orig	1	bert_base_uncased	orig	raw	pair_significant	62	62	11448	184.6451612903226	9.5	-0.37780945177280134	-0.38046023098278103	-0.21923391814644058	-0.21996110102366284	0.3163313774661637	0.31245632424877706	0.31186439227259544	0.30782669461914747	0.7788167209078016	0.7807920063199928	0.8485962527328168	0.849886685732125	0.09277588804913509	0.0919980220061314	0.16486841065796837	0.16435089674813402
orig	1	bert_base_uncased	orig	raw	pair_not_significant	14	14	2735	195.35714285714286	6.714285714285714	-0.15442871481466752	-0.15720875169626833	-0.08545711550575036	-0.08692761716543689	0.38957468968775494	0.38652482269503546	0.3922785938238199	0.3892828999211978	0.8985943802801967	0.8966865960961566	0.9325629981481508	0.9311352163954255	0.07387998238848394	0.07531207581833668	0.1095948052216118	0.11159019314579524
orig	2	bert_base_uncased	orig	conditioned-cat-only	all	76	76	1862	24.5	2.9166666666666665	0.520658258744173	0.4217782483195703	0.3517543312644942	0.28197062011729274	0.9266081553258257	0.9120218579234972	0.925975644256882	0.9109289617486339	0.27443586826560207	0.2746408363998941	0.5126360064890189	0.5081525158710039	0.5494612078255364	0.5298143974468587	0.6018377974245577	0.6173740623424875
orig	2	bert_base_uncased	orig	conditioned-cat-only	pair_significant	62	62	1837	29.629032258064516	2.942857142857143	0.5192923624417745	0.4197844174552523	0.3518636360584589	0.28105404597676137	0.9243841600326689	0.910803324099723	0.9237324819616359	0.9096952908587258	0.26889031549055004	0.27210900435775526	0.5078682363002718	0.505911242922989	0.5698994262444922	0.5388838489350424	0.6190928600306828	0.6254759090311309
orig	2	bert_base_uncased	orig	conditioned-cat-only	pair_not_significant	14	14	25	1.7857142857142858	2.0	0.5657328367233276	0.5657328367233276	0.34814727306365967	0.34814727306365967	1.0	1.0	1.0	1.0	0.4574391098423181	0.4574391098423181	0.6699724227176709	0.6699724227176709	-0.125	-0.125	0.03242073142243352	0.03242073142243352
orig	2	bert_base_uncased	orig	conditioned-exclude	all	76	76	8568	112.73684210526316	3.084507042253521	0.0151398262057531	-0.017593296693242066	0.022394997519829	0.00069385673110247	0.5993015054126661	0.5771749298409729	0.5944615010186778	0.5727649338500601	0.7384768806335913	0.7808675825155177	0.8224998538289864	0.8497026025848132	0.187689545711961	0.13749471566972535	0.25186872692538276	0.2029553782077025
orig	2	bert_base_uncased	orig	conditioned-exclude	pair_significant	62	62	6422	103.58064516129032	3.169491525423729	0.012748223414425464	-0.03233141178617486	0.02239223620078216	-0.006276413540259671	0.5939318906374992	0.561046511627907	0.5891159771175124	0.5571135430916553	0.7106110233188022	0.7464576258678765	0.8022111352108289	0.823964823651979	0.20896677199304908	0.1587414400149259	0.2785518768195258	0.23387162997488883
orig	2	bert_base_uncased	orig	conditioned-exclude	pair_not_significant	14	14	2146	153.28571428571428	2.6666666666666665	0.028692242023276374	0.035121380409798286	0.02241064499442776	0.025624829542677884	0.6297293224719455	0.634862385321101	0.624752803125281	0.6287461773700306	0.8963834054173958	0.9039436843353382	0.9374692593318783	0.9417604198320397	0.0671185967857953	0.061500315687625644	0.10066421085857218	0.09237541470035941
orig	2	bert_base_uncased	orig	raw	all	76	76	14183	186.6184210526316	8.986842105263158	-0.2465549285275241	-0.24578454056860252	-0.13787380489210288	-0.1367160246179976	0.4114854839663136	0.41048191048191046	0.4101743409157141	0.4092664092664093	0.785879579316105	0.7873643856780008	0.8574420022792009	0.8584933314530369	0.13979313703611926	0.1384908516849603	0.21236680872301963	0.21191312089525993
orig	2	bert_base_uncased	orig	raw	pair_significant	62	62	11448	184.6451612903226	9.5	-0.279492829577066	-0.28012429599256133	-0.15738595021708357	-0.1569694717311197	0.39044870529867154	0.3881027253668763	0.38926303419880137	0.3870545073375262	0.7673539634665401	0.7686503485449673	0.8445411654666332	0.845491129984651	0.1452104900122741	0.1434319847254954	0.22626907908023022	0.22590503604666037
orig	2	bert_base_uncased	orig	raw	pair_not_significant	14	14	2735	195.35714285714286	6.714285714285714	-0.08946647736817025	-0.09089032461372452	-0.04481588103450262	-0.045360050405617115	0.51181473607353	0.5114263199369582	0.5099051883348367	0.5094562647754137	0.8742325164447995	0.8717766382780668	0.9189690701545229	0.9171415593529889	0.11395653053445765	0.11620318775744035	0.14606367317324606	0.1488006525527726
orig	3	bert_base_uncased	orig	conditioned-cat-only	all	76	76	1862	24.5	2.9166666666666665	0.4898342688787071	0.4182360012715306	0.320136439294883	0.2750912504917	0.9240732324048901	0.9103825136612022	0.924446842560284	0.9103825136612022	0.3428753209184296	0.3306787220886424	0.5706888470935193	0.5528406627383181	0.5012960776307509	0.5142847908382109	0.5626572272011121	0.6044857373053594
orig	3	bert_base_uncased	orig	conditioned-cat-only	pair_significant	62	62	1837	29.629032258064516	2.942857142857143	0.49218226170562435	0.4183175178322105	0.3223600026544635	0.2754836660327385	0.9217724212656445	0.9091412742382271	0.9221573529408986	0.9091412742382271	0.33457310245757677	0.32671515134019463	0.5645997461089447	0.5498103508706427	0.517715369090487	0.5219693522146479	0.5753654654045326	0.6108735540756796
orig	3	bert_base_uncased	orig	conditioned-cat-only	pair_not_significant	14	14	25	1.7857142857142858	2.0	0.41235050559043884	0.41235050559043884	0.2467588484287262	0.2467588484287262	1.0	1.0	1.0	1.0	0.6168485301265728	0.6168485301265728	0.7716291795844836	0.7716291795844836	-0.04054054054054054	-0.04054054054054054	0.14328536648823986	0.14328536648823986
orig	3	bert_base_uncased	orig	conditioned-exclude	all	76	76	8568	112.73684210526316	3.084507042253521	0.06862247744672155	0.03965949358479693	0.054706817811044556	0.03594129892733467	0.6679229961776428	0.6580248563410397	0.6649131563645514	0.6552184952559134	0.7234060024453213	0.7569221970135445	0.8154665239549209	0.8367462831165424	0.20597708616925073	0.15289927634615771	0.27164607618420505	0.21891081123058312
orig	3	bert_base_uncased	orig	conditioned-exclude	pair_significant	62	62	6422	103.58064516129032	3.169491525423729	0.06474217421868268	0.024295396920008185	0.05432410070709154	0.029482808575625297	0.6556867386006	0.6338919288645691	0.6530483259573485	0.6318399452804377	0.7035343550321006	0.7326653009113147	0.8002153743666961	0.8173017383273778	0.2241594911515599	0.1708746209069184	0.2952722189153656	0.24699282243685414
orig	3	bert_base_uncased	orig	conditioned-exclude	pair_not_significant	14	14	2146	153.28571428571428	2.6666666666666665	0.0906108624056085	0.09461315553934407	0.05687554806677832	0.0590417586073325	0.7372617891142199	0.7443425076452599	0.7321471953387008	0.7388379204892966	0.836012004453571	0.8436832541424983	0.9018897049548621	0.9062947222156462	0.1029434579361653	0.08860581151965685	0.1377646007076286	0.11846824148485033
orig	3	bert_base_uncased	orig	raw	all	76	76	14183	186.6184210526316	8.986842105263158	-0.15580181288532913	-0.15602506258144128	-0.083005564979588	-0.08283840046984664	0.4941061386666193	0.49313599313599316	0.49567583224741746	0.4946374946374946	0.7618967649158538	0.7635853749887566	0.8438169655432525	0.8451933340069739	0.16029929306058596	0.15824550651470404	0.24776379030644047	0.24672158990781268
orig	3	bert_base_uncased	orig	raw	pair_significant	62	62	11448	184.6451612903226	9.5	-0.18257692744654994	-0.18432594940849273	-0.09806687848627448	-0.09874549380528082	0.46775931247990526	0.46462264150943394	0.4697359437567258	0.4665443745632425	0.7473095655251641	0.7492637381443878	0.8332165489878143	0.8348016107411639	0.1687139785929296	0.1661533418709889	0.26301634243233346	0.26186142989722
orig	3	bert_base_uncased	orig	raw	pair_not_significant	14	14	2735	195.35714285714286	6.714285714285714	-0.028105112670276027	-0.028369998595592184	-0.01117468517846786	-0.011087256063207386	0.619760232787871	0.6217494089834515	0.6193891465876391	0.6213553979511426	0.8314664850868343	0.8281850986271851	0.8943727983461124	0.8920666389506274	0.12016771590633174	0.12257612150337648	0.17502084939833532	0.17843124782793296
orig	4	bert_base_uncased	orig	conditioned-cat-only	all	76	76	1862	24.5	2.9166666666666665	0.4447800250525367	0.396349589297894	0.2817904132894268	0.25435110788469206	0.9292916066135675	0.9180327868852459	0.9311917485927073	0.9207650273224044	0.4098601681768287	0.3809103658964312	0.6259744513717481	0.5970606784690231	0.48190388487403446	0.5485003465002679	0.523890926534365	0.6046172008417734
orig	4	bert_base_uncased	orig	conditioned-cat-only	pair_significant	62	62	1837	29.629032258064516	2.942857142857143	0.44989459856878966	0.3980164935954245	0.2854275322981376	0.2556334572182478	0.9271489280260997	0.9168975069252078	0.9291066500652134	0.9196675900277008	0.39943475064431944	0.37574431907020955	0.6190302948344714	0.5934862887372663	0.49731511370860115	0.5564666486216936	0.5410230082901024	0.6135657461637506
orig	4	bert_base_uncased	orig	conditioned-cat-only	pair_not_significant	14	14	25	1.7857142857142858	2.0	0.2759990990161896	0.2759990990161896	0.16176548600196838	0.16176548600196838	1.0	1.0	1.0	1.0	0.7538989467496346	0.7538989467496348	0.8551316171018787	0.8551316171018787	-0.02666666666666667	-0.02666666666666667	-0.04146777140497051	-0.04146777140497051
orig	4	bert_base_uncased	orig	conditioned-exclude	all	76	76	8568	112.73684210526316	3.084507042253521	0.10436245263166105	0.07978859303359076	0.07378275005612522	0.058293465078106045	0.7189001738725206	0.714552986770012	0.7215680983550946	0.7170920753708405	0.7188740511902229	0.7457102947648647	0.8189282983584879	0.8357896473077093	0.24094297615012475	0.1930429378362972	0.302565837396873	0.2535304761622982
orig	4	bert_base_uncased	orig	conditioned-exclude	pair_significant	62	62	6422	103.58064516129032	3.169491525423729	0.1017179753330043	0.06768893925221471	0.0742161221272659	0.054081197256966404	0.705854312732079	0.6913474692202463	0.7091891258488326	0.6949384404924761	0.7037641846671359	0.7273939953311968	0.8071181966908172	0.8207379341551443	0.2546712235021191	0.204085142921725	0.3210996270168551	0.2732548589032971
orig	4	bert_base_uncased	orig	conditioned-exclude	pair_not_significant	14	14	2146	153.28571428571428	2.6666666666666665	0.11934782399071588	0.1230661314516257	0.07132697498632802	0.07335972943163793	0.7928267203350228	0.7975535168195719	0.7917156092239117	0.7963302752293578	0.8044966281543819	0.8112232728003933	0.8858522078086222	0.8896259889078321	0.16314957448882358	0.15354763793441226	0.19754102955030717	0.18298112431559369
orig	4	bert_base_uncased	orig	raw	all	76	76	14183	186.6184210526316	8.986842105263158	-0.08599199731523792	-0.08590345689897029	-0.042032287617767	-0.041820379564590685	0.568509078413673	0.5703560703560704	0.5706779868379896	0.5727155727155727	0.7477472133904308	0.7491352500970725	0.8406771185224567	0.8417786489803963	0.18689029455499398	0.18545010218324212	0.2779101135553645	0.27734263919000635
orig	4	bert_base_uncased	orig	raw	pair_significant	62	62	11448	184.6451612903226	9.5	-0.10697060489215918	-0.1081368495976786	-0.05335310921703152	-0.05382633308658722	0.5431981093452624	0.5432389937106918	0.5454165368240211	0.5456848357791754	0.7349556427829668	0.7367357580883738	0.8314966551762051	0.8328525870979377	0.1922839266099783	0.19008873832644954	0.28990993636819884	0.28891763577783924
orig	4	bert_base_uncased	orig	raw	pair_not_significant	14	14	2735	195.35714285714286	6.714285714285714	0.014059823436232714	0.014383335699458658	0.011959323086417638	0.01233413419420218	0.6892229308937853	0.6926713947990544	0.691155671519993	0.6946414499605988	0.8087531655183355	0.805064873625671	0.8844608667891956	0.8820408855565924	0.16116681860045345	0.1645268923457959	0.22068018937107767	0.2251320162831859
orig	5	bert_base_uncased	orig	conditioned-cat-only	all	76	76	1862	24.5	2.9166666666666665	0.3997532741084476	0.3731544716879115	0.2472935599987121	0.2351380853038383	0.9340149960258795	0.9278688524590164	0.9323383768781077	0.9251366120218579	0.4696600635563333	0.4214934275470567	0.6714283662708825	0.6305336670849968	0.4392591303953557	0.4761140669710567	0.4927593943961643	0.5593469123992374
orig	5	bert_base_uncased	orig	conditioned-cat-only	pair_significant	62	62	1837	29.629032258064516	2.942857142857143	0.4070346543254952	0.37611412189209475	0.2520266995398384	0.23713307325622465	0.9320154504509061	0.9268698060941828	0.9302880246622927	0.9240997229916897	0.4582407074635493	0.41560692634108526	0.664126573227862	0.6266298738771635	0.4533780939426897	0.4830777890436014	0.5089480963901382	0.5676684454159161
orig	5	bert_base_uncased	orig	conditioned-cat-only	pair_not_significant	14	14	25	1.7857142857142858	2.0	0.15946772694587708	0.15946772694587708	0.09109995514154434	0.09109995514154434	1.0	1.0	1.0	1.0	0.8464988146182036	0.8464988146182038	0.912387536690564	0.912387536690564	-0.02666666666666667	-0.02666666666666667	-0.04146777140497051	-0.04146777140497051
orig	5	bert_base_uncased	orig	conditioned-exclude	all	76	76	8568	112.73684210526316	3.084507042253521	0.12997889336353788	0.10977429791039883	0.0855406144328299	0.07280629836630133	0.7530516255081767	0.7537084057196312	0.7534863880134749	0.7547774956568222	0.7145630876453005	0.7355283436202203	0.8211560786496154	0.8345827505260768	0.23528130265271283	0.19730083210743363	0.29642277032403047	0.2580121599169828
orig	5	bert_base_uncased	orig	conditioned-exclude	pair_significant	62	62	6422	103.58064516129032	3.169491525423729	0.12821871821092917	0.100155615059069	0.08632034403055121	0.06983292876403786	0.7447706095319501	0.7392270861833106	0.7448640496233278	0.7399110807113544	0.7033377504080391	0.7223130999527266	0.812003728509787	0.8231038230187476	0.23662953744890683	0.1907721172100264	0.30449924802857525	0.26349287410083844
orig	5	bert_base_uncased	orig	conditioned-exclude	pair_not_significant	14	14	2146	153.28571428571428	2.6666666666666665	0.13995321922832066	0.14417800268995654	0.08112214671240912	0.08344132309659906	0.7999773827067932	0.8055045871559633	0.802346305557642	0.8079510703363915	0.7781733319897809	0.7827960775452982	0.8730193961086441	0.8756401010232393	0.2276413054742803	0.22065246802182964	0.2506560633316106	0.23840896936824377
orig	5	bert_base_uncased	orig	raw	all	76	76	14183	186.6184210526316	8.986842105263158	-0.036410250837604206	-0.03628932499670635	-0.014400219010810057	-0.014265371263469346	0.6181297989341498	0.6215501215501216	0.6206006410325835	0.6239096239096239	0.7381044095958769	0.7390482433072986	0.8395541502410744	0.8403538458057648	0.20080773181248218	0.20050788313116455	0.2956439551704214	0.2960001426560792
orig	5	bert_base_uncased	orig	raw	pair_significant	62	62	11448	184.6451612903226	9.5	-0.05373301867005085	-0.05476285427805345	-0.02342078897110637	-0.023906032963682572	0.6002311984819229	0.6025506638714185	0.6028967292258947	0.605083857442348	0.727183623542512	0.7286106247780191	0.8317171048464906	0.8328005281371251	0.20647109137733188	0.20563083882930583	0.30880743927822885	0.3089629181185961
orig	5	bert_base_uncased	orig	raw	pair_not_significant	14	14	2735	195.35714285714286	6.714285714285714	0.04620602651714133	0.047038083676603996	0.0286209607998339	0.029220166618343504	0.7034923549370784	0.7072498029944838	0.7050346819567925	0.7088258471237194	0.790188158465771	0.786128565184048	0.8769308282767816	0.8744241297579268	0.17379786311858358	0.17740008296082543	0.2328642617331857	0.2375297512081302
orig	6	bert_base_uncased	orig	conditioned-cat-only	all	76	76	1862	24.5	2.9166666666666665	0.3535138887544984	0.3381251978201924	0.2133997888509732	0.2078957183721674	0.9337892668293248	0.9311265237494746	0.9320083924121922	0.9295081967213115	0.5260128040310201	0.46927590145883297	0.7124975166236169	0.6681310527872294	0.4400722570986459	0.4764618663715428	0.47832747965201583	0.5503304870691568
orig	6	bert_base_uncased	orig	conditioned-cat-only	pair_significant	62	62	1837	29.629032258064516	2.942857142857143	0.36136668487310863	0.3415012861994144	0.21824802395492565	0.21003543704185748	0.9354192446120315	0.9318346473471127	0.9335844043034709	0.9301939058171745	0.5146603924304912	0.46330129639803475	0.7054729038911642	0.6643058632580419	0.4542158608491099	0.48343040561029915	0.49407885089616693	0.5585271388485767
orig	6	bert_base_uncased	orig	conditioned-cat-only	pair_not_significant	14	14	25	1.7857142857142858	2.0	0.09437161684036255	0.09437161684036255	0.05340803042054176	0.05340803042054176	0.88	0.88	0.88	0.88	0.900642386848471	0.900642386848471	0.9443097367945629	0.9443097367945629	-0.02666666666666667	-0.02666666666666667	-0.04146777140497051	-0.04146777140497051
orig	6	bert_base_uncased	orig	conditioned-exclude	all	76	76	8568	112.73684210526316	3.084507042253521	0.14149228941338757	0.12410878506766018	0.08900735325490435	0.07807339196017835	0.7778245656307364	0.7805692903915542	0.7784226657921934	0.7815047440865963	0.721452828934427	0.7401377357787804	0.8289624683356644	0.8410701265631635	0.2540674692785499	0.2136881738204996	0.31203930959207055	0.27283953696777913
orig	6	bert_base_uncased	orig	conditioned-exclude	pair_significant	62	62	6422	103.58064516129032	3.169491525423729	0.14120777957506625	0.11762115213811071	0.09021259804128431	0.07627172321342339	0.7706395404818731	0.7681258549931601	0.7712431477146398	0.7691518467852257	0.7112864778671087	0.7282552219361577	0.8209097425835236	0.8311419564375585	0.2629066588079341	0.21833075665696433	0.32867483038947515	0.29180974501339435
orig	6	bert_base_uncased	orig	conditioned-exclude	pair_not_significant	14	14	2146	153.28571428571428	2.6666666666666665	0.14310451183054182	0.14731348070803038	0.08217763279875119	0.08451752580178258	0.8185397081409617	0.8250764525993883	0.8191066015649978	0.8256880733944955	0.7790621516492295	0.7826386170947784	0.8745945809311305	0.8765807925537074	0.20397872861203933	0.19708277661704657	0.21777135840677744	0.2049876858052363
orig	6	bert_base_uncased	orig	raw	all	76	76	14183	186.6184210526316	8.986842105263158	-0.004783652604091912	-0.004808217664693394	0.0026683194601597885	0.0026930494590187105	0.6587049341822038	0.6628771628771629	0.6611148844698674	0.6654511654511654	0.7422891649556556	0.7429565349992269	0.84527996676165	0.845876532831247	0.20952798491507296	0.20911916594308821	0.31280943120692034	0.3129014080041335
orig	6	bert_base_uncased	orig	raw	pair_significant	62	62	11448	184.6451612903226	9.5	-0.018130421389697962	-0.0190767463493362	-0.00416823479087813	-0.004641324383647433	0.645715970389803	0.6492837176799441	0.6484691320078433	0.6522536687631028	0.7327052972726128	0.7337902582432813	0.838604091012468	0.8394501784381291	0.2108296433374701	0.20944773373391212	0.32562886440087274	0.32534752820024654
orig	6	bert_base_uncased	orig	raw	pair_not_significant	14	14	2735	195.35714285714286	6.714285714285714	0.05887016775802924	0.0595519542745465	0.035273424349725246	0.03577575700466174	0.7206522999613452	0.7241922773837668	0.7214253962118284	0.7249802994483846	0.7879968415978593	0.7843022939834917	0.8771187587962098	0.8748634930725453	0.20332007551594816	0.20763711548235061	0.251670595974224	0.25676146158762386
orig	7	bert_base_uncased	orig	conditioned-cat-only	all	76	76	1862	24.5	2.9166666666666665	0.3072519541498931	0.3029078330096529	0.18084298160872148	0.18164533631484242	0.9261115719675542	0.9267418032786885	0.9235816279364737	0.9251024590163934	0.5851480887576598	0.5235392027714069	0.7547954324679997	0.7094838642524074	0.4458390666407264	0.4942749199375892	0.4738146125301667	0.5581368387256163
orig	7	bert_base_uncased	orig	conditioned-cat-only	pair_significant	62	62	1837	29.629032258064516	2.942857142857143	0.3148236408208807	0.30630840834209544	0.185279971260267	0.18368443622075825	0.9287210135423285	0.9279432132963988	0.9261144045406092	0.9262811634349031	0.5745095174122847	0.5178233891926862	0.7485350411281695	0.7059948825012996	0.460157422195496	0.5014901773697812	0.4894292302251709	0.5664416117191147
orig	7	bert_base_uncased	orig	conditioned-cat-only	pair_not_significant	14	14	25	1.7857142857142858	2.0	0.05738629400730133	0.05738629400730133	0.03442232310771942	0.03442232310771942	0.84	0.84	0.84	0.84	0.9362209431550345	0.9362209431550345	0.9613883466823959	0.9613883466823959	-0.02666666666666667	-0.02666666666666667	-0.04146777140497051	-0.04146777140497051
orig	7	bert_base_uncased	orig	conditioned-exclude	all	76	76	8568	112.73684210526316	3.084507042253521	0.14028831091709434	0.1266329055530053	0.08541825988019507	0.0768708079267001	0.7949915033959297	0.7987438193238006	0.7976556200465678	0.8016838166510758	0.7384507877867038	0.7534982462942249	0.8431200344044184	0.8527708447253121	0.2531764962621635	0.21967709613713088	0.3136085550138387	0.27794612873779606
orig	7	bert_base_uncased	orig	conditioned-exclude	pair_significant	62	62	6422	103.58064516129032	3.169491525423729	0.14204892463178612	0.1245313180085315	0.08737726250261653	0.07699200634449012	0.7906488126668235	0.7906976744186046	0.7935989658217983	0.7944596443228454	0.7283755330424748	0.7408876220452046	0.8358240347333927	0.8434689059509037	0.2644556393104242	0.2284753793929593	0.3322702050085594	0.29956773731746
orig	7	bert_base_uncased	orig	conditioned-exclude	pair_not_significant	14	14	2146	153.28571428571428	2.6666666666666665	0.13031149986717436	0.1341497764766034	0.07431724501980676	0.07643731046661689	0.8196000841941982	0.8275229357798165	0.8206433273202607	0.8275229357798165	0.7955438980040025	0.7986034026295586	0.8844640325402306	0.8860416324639918	0.18926135232201954	0.1882077625101678	0.20785920504375474	0.20061085841738294
orig	7	bert_base_uncased	orig	raw	all	76	76	14183	186.6184210526316	8.986842105263158	0.009268653894153734	0.009142542224127416	0.009355004116271933	0.009367226305282939	0.6881157987655833	0.6906191906191906	0.6936698496645891	0.6957671957671958	0.7553627224487034	0.7556551858058282	0.8558189670304698	0.8560925797716462	0.21535697959503616	0.2144392252507438	0.3239389944533814	0.32348276516239943
orig	7	bert_base_uncased	orig	raw	pair_significant	62	62	11448	184.6451612903226	9.5	-0.0014724965421332708	-0.0023467292813956803	0.0038250973260390664	0.003434370777690601	0.6763860941732583	0.6783717679944095	0.6826175911474573	0.684136967155835	0.7459629402196983	0.7464918028284716	0.8496100245671754	0.8500249812114538	0.22321987479445607	0.22172696320293517	0.33987796785716523	0.33912216073726165
orig	7	bert_base_uncased	orig	raw	pair_not_significant	14	14	2735	195.35714285714286	6.714285714285714	0.06049567905183022	0.060966490291593296	0.03572840573122868	0.03612819166378455	0.7440574668212859	0.7458628841607565	0.746380621053988	0.74822695035461	0.8001924530793422	0.7969878920015647	0.8854308464707964	0.8834613222133647	0.17785701787472627	0.18156687533873161	0.24792235206610427	0.252939108526851
orig	8	bert_base_uncased	orig	conditioned-cat-only	all	76	76	1862	24.5	2.9166666666666665	0.2576224723666468	0.26243335068012114	0.14880037318011197	0.15485249438979587	0.9186439639860741	0.922370218579235	0.9170814060077453	0.9229166666666667	0.6427785227594214	0.5755740840633158	0.7934365344965175	0.7466633396172833	0.3541703475498447	0.4422090295817269	0.38941138330810365	0.5065204788548417
orig	8	bert_base_uncased	orig	conditioned-cat-only	pair_significant	62	62	1837	29.629032258064516	2.942857142857143	0.2644455202318954	0.265618550927582	0.15271580506426594	0.15672592061398927	0.9222392356220157	0.9240650969529086	0.9206293274019195	0.9246191135734072	0.6332630495794221	0.5702940971708493	0.7879496350954903	0.7435076488262427	0.3657108631321633	0.4487031527984637	0.40246832739031796	0.5141103438168889
orig	8	bert_base_uncased	orig	conditioned-cat-only	pair_not_significant	14	14	25	1.7857142857142858	2.0	0.03246189281344414	0.03246189281344414	0.01959112100303173	0.01959112100303173	0.8	0.8	0.8	0.8	0.9567891376993958	0.9567891376993959	0.9745042147304147	0.9745042147304147	-0.02666666666666667	-0.02666666666666667	-0.04146777140497051	-0.04146777140497051
orig	8	bert_base_uncased	orig	conditioned-exclude	all	76	76	8568	112.73684210526316	3.084507042253521	0.13665170622989536	0.1271395963822897	0.08113206887307266	0.07518483104551921	0.8123268273053681	0.8182547106775357	0.8140166973441085	0.82012561806762	0.7589328728206375	0.7705552213563204	0.8582189137281575	0.8652882031484916	0.24798659614054047	0.23603181620381844	0.30528551851234187	0.2911850131689367
orig	8	bert_base_uncased	orig	conditioned-exclude	pair_significant	62	62	6422	103.58064516129032	3.169491525423729	0.13940693806929916	0.12793183243462736	0.08326823178532661	0.07640815817938273	0.8103656200049443	0.8146374829001368	0.8123546926985706	0.81703146374829	0.749512550038141	0.7581294363122651	0.8519570798639385	0.856989644046115	0.25490587695646105	0.2443304026711537	0.3150538369216628	0.3049817645840776
orig	8	bert_base_uncased	orig	conditioned-exclude	pair_not_significant	14	14	2146	153.28571428571428	2.6666666666666665	0.12103872580660714	0.12430595941955526	0.06902714570363362	0.07080928543155346	0.8234403353411025	0.8311926605504587	0.8234347236688242	0.8311926605504587	0.8123147019214522	0.8149992525108362	0.8937026389587318	0.8949701442070233	0.2087773381836571	0.20634977726744141	0.2499317141928564	0.24183736651710572
orig	8	bert_base_uncased	orig	raw	all	76	76	14183	186.6184210526316	8.986842105263158	0.021872316480924685	0.021721874515353328	0.015638389059652886	0.015608348820678011	0.7152086592662263	0.7167167167167167	0.7190691268128078	0.7202917202917203	0.7708016609211624	0.7710933750708444	0.8671287698856963	0.8672791879780841	0.22526331709955708	0.22378941729344912	0.32873768354236155	0.3281766351980379
orig	8	bert_base_uncased	orig	raw	pair_significant	62	62	11448	184.6451612903226	9.5	0.013185836742782304	0.012429356051844923	0.011109580533699162	0.010757185926215572	0.7054969124829872	0.7064989517819706	0.7101664276501721	0.7108665269042628	0.7613622631509201	0.7617776170911488	0.8613770313306296	0.8615849180573619	0.23130674853455097	0.22899102287157364	0.34354538788262945	0.3425826084073947
orig	8	bert_base_uncased	orig	raw	pair_not_significant	14	14	2735	195.35714285714286	6.714285714285714	0.06330014292437297	0.06363706418054019	0.037237322029586024	0.037490189961657525	0.7615262208478288	0.7628053585500394	0.7615281535884552	0.7628053585500394	0.8158203272100105	0.8131133897877698	0.8945601383790917	0.8929639799609167	0.19644079794804792	0.2003268559623343	0.2581163243810839	0.2631965007217904
orig	9	bert_base_uncased	orig	conditioned-cat-only	all	76	76	1862	24.5	2.9166666666666665	0.2204195558476974	0.22593182543384246	0.1270069175550495	0.13382703168215893	0.9092201937810059	0.9141734972677595	0.9092695842546006	0.915266393442623	0.6860392419662621	0.6209672131752915	0.8201147834426721	0.7752212707725212	0.3149702595231556	0.40881143833314837	0.34692021476838797	0.4844758807942149
orig	9	bert_base_uncased	orig	conditioned-cat-only	pair_significant	62	62	1837	29.629032258064516	2.942857142857143	0.22614460489289326	0.22862488482549911	0.13029703624179642	0.1354252869562553	0.9137420178349758	0.916308864265928	0.9137929049895884	0.9174168975069252	0.6779121060316379	0.6163513196208099	0.8154580656871617	0.7724710602655684	0.32532289365011985	0.4148429910339768	0.35868954768273215	0.49176041891331723
orig	9	bert_base_uncased	orig	conditioned-cat-only	pair_not_significant	14	14	25	1.7857142857142858	2.0	0.0314929373562336	0.0314929373562336	0.01843300089240074	0.01843300089240074	0.76	0.76	0.76	0.76	0.9542347278088614	0.9542347278088614	0.9737864693745123	0.9737864693745124	-0.02666666666666667	-0.02666666666666667	-0.04146777140497051	-0.04146777140497051
orig	9	bert_base_uncased	orig	conditioned-exclude	all	76	76	8568	112.73684210526316	3.084507042253521	0.1265220567273597	0.11888308096346005	0.07474768059328199	0.07020536712136209	0.8175898667158197	0.8236001603634906	0.8217372318791573	0.8270747026593612	0.7800162455113434	0.7903014180561653	0.8708118700180925	0.8766939525226101	0.23877362898205104	0.22488639373948	0.29835107537505984	0.28141142970970034
orig	9	bert_base_uncased	orig	conditioned-exclude	pair_significant	62	62	6422	103.58064516129032	3.169491525423729	0.12877107583278535	0.11952035329572183	0.07610994120877163	0.0706316520951729	0.8148677275488652	0.8190834473324213	0.8196317197993958	0.823358413132695	0.7711233823927302	0.7783752262871795	0.8655626576284566	0.8697705873192281	0.24510649883126467	0.2316177356757354	0.30979517575412086	0.2968225609576566
orig	9	bert_base_uncased	orig	conditioned-exclude	pair_not_significant	14	14	2146	153.28571428571428	2.6666666666666665	0.11377761512994766	0.11660371178971883	0.06702820377217399	0.06868064875631887	0.8330153219952291	0.8397553516819571	0.8336684669978056	0.8403669724770643	0.8304091365168186	0.8329585247626047	0.9005574068926949	0.9014571572378256	0.2028873665031735	0.20081000985983388	0.23350117322704758	0.22628953641425775
orig	9	bert_base_uncased	orig	raw	all	76	76	14183	186.6184210526316	8.986842105263158	0.024947812327494222	0.024713523057592404	0.016057293661870062	0.01601686148504593	0.7286374836421498	0.7295152295152295	0.7321159212601748	0.7332332332332332	0.7871452350117296	0.7876648564397121	0.8769599077643386	0.8771511796409199	0.22481172787497192	0.22432599468995673	0.3278754655443017	0.32772357641870564
orig	9	bert_base_uncased	orig	raw	pair_significant	62	62	11448	184.6451612903226	9.5	0.018644402877637935	0.017954534945871542	0.012370040413037303	0.012080101767336204	0.7190052636860987	0.7196890286512928	0.7230513555526104	0.7240566037735849	0.7770627259378097	0.7776481371883517	0.8714320529891446	0.8716568487058983	0.23064103283440343	0.22945981852510225	0.3434043492636133	0.3429234125227649
orig	9	bert_base_uncased	orig	raw	pair_not_significant	14	14	2735	195.35714285714286	6.714285714285714	0.05501022662680883	0.055200873689184374	0.03364265531014938	0.03377416063726853	0.7745757634325473	0.7738376674546887	0.7753469269424044	0.7746256895193065	0.8352310475181157	0.832846653913934	0.9033235228460332	0.9019341191776136	0.19701042729922147	0.2011691722846195	0.25381463549835426	0.25916261356635295
orig	10	bert_base_uncased	orig	conditioned-cat-only	all	76	76	1862	24.5	2.9166666666666665	0.18981499159235682	0.19871717268572275	0.10801743833444026	0.11496526964124587	0.9034894904549188	0.909801912568306	0.8988910242147929	0.9065232240437159	0.717085491427041	0.6514307829082635	0.8387692008280198	0.7951804368886897	0.30994602567906476	0.4261066316563965	0.32049520999945186	0.47505608319181547
orig	10	bert_base_uncased	orig	conditioned-cat-only	pair_significant	62	62	1837	29.629032258064516	2.942857142857143	0.19552511026962416	0.20145035963091926	0.11132064427841794	0.11657127556171774	0.9078376568323405	0.911876731301939	0.9030998431303928	0.9085526315789474	0.7086337238097995	0.6466584416355801	0.8338466434241572	0.792326792037349	0.3201464102956021	0.43237772997112034	0.3314637851935254	0.48221015320008126
orig	10	bert_base_uncased	orig	conditioned-cat-only	pair_not_significant	14	14	25	1.7857142857142858	2.0	0.0013810752425342798	0.0013810752425342798	-0.0009883578168228269	-0.0009883578168228269	0.76	0.76	0.76	0.76	0.9959938227960099	0.9959938227960099	1.0012135951554928	1.0012135951554928	-0.02666666666666667	-0.02666666666666667	-0.04146777140497051	-0.04146777140497051
orig	10	bert_base_uncased	orig	conditioned-exclude	all	76	76	8568	112.73684210526316	3.084507042253521	0.12180246242011587	0.11684661804952676	0.07046738819529613	0.06760062631588022	0.8210524572512139	0.8269410664172123	0.8216174436176824	0.8274756113858078	0.7888305611916366	0.7967104290922681	0.8775666203707121	0.8820614701736956	0.24786275445743391	0.2396431796811675	0.30923567127524465	0.29868023269438587
orig	10	bert_base_uncased	orig	conditioned-exclude	pair_significant	62	62	6422	103.58064516129032	3.169491525423729	0.12413757195805802	0.11843414852974067	0.07188169161478679	0.06862173385414258	0.8181020058075328	0.8225034199726402	0.819537270228874	0.8242134062927496	0.7803021147240449	0.7845582187828675	0.8724209477776774	0.8748046511193753	0.2520264477097786	0.24426553059319214	0.31941598363960844	0.31357065062469697
orig	10	bert_base_uncased	orig	conditioned-exclude	pair_not_significant	14	14	2146	153.28571428571428	2.6666666666666665	0.10857017503844367	0.11116840505363015	0.06245300215151575	0.06394837134110454	0.8377716820987398	0.8428134556574923	0.8334050928209301	0.8391437308868501	0.8371584245079903	0.8401759495139045	0.9067254317312415	0.90801735875453	0.2242684926941473	0.22311014718360173	0.25154723454385025	0.2454208051369184
orig	10	bert_base_uncased	orig	raw	all	76	76	14183	186.6184210526316	8.986842105263158	0.027861541939588886	0.027467041145563344	0.01724762388485639	0.017193860481606628	0.7344571138730932	0.7351637351637351	0.7376177959847754	0.7383812383812384	0.7901788349298403	0.791212748115714	0.879789713665819	0.880286045019676	0.21522301230981042	0.2141875737931981	0.3243428264428433	0.3244546709544422
orig	10	bert_base_uncased	orig	raw	pair_significant	62	62	11448	184.6451612903226	9.5	0.022883486612925247	0.022075781757751503	0.01419221543337992	0.013931640346313088	0.7245760326813572	0.725104821802935	0.7280133232979861	0.7286862334032146	0.7788102466451149	0.7799227541370453	0.873465070287	0.8739846017238239	0.2230921205614824	0.22141903056020423	0.3404665725945713	0.34040158540613136
orig	10	bert_base_uncased	orig	raw	pair_not_significant	14	14	2735	195.35714285714286	6.714285714285714	0.05160303657444624	0.05178506221399122	0.03181957188420571	0.03190855555995195	0.7815822703259889	0.7805358550039401	0.7834237426448483	0.7821118991331757	0.8443982559800692	0.8421378273386458	0.9099533974724956	0.9087095764818177	0.17769341910952846	0.18156908795053212	0.24744496018075585	0.25252390789575874
orig	11	bert_base_uncased	orig	conditioned-cat-only	all	76	76	1862	24.5	2.9166666666666665	0.1785905125331791	0.18827440687735142	0.10303364706444829	0.11048575313812722	0.8994053690903078	0.9059767759562841	0.8971501839949345	0.9037909836065574	0.7263157981961726	0.6576995879023589	0.84310226061414	0.7975827849281729	0.2972281295091723	0.38711774797514126	0.333829063441553	0.46580133525134415
orig	11	bert_base_uncased	orig	conditioned-cat-only	pair_significant	62	62	1837	29.629032258064516	2.942857142857143	0.18432113945935713	0.19102779445225512	0.10644518644690062	0.1121482587571661	0.9036297742142565	0.9079986149584488	0.9013062501765993	0.9057825484764543	0.7177171666216584	0.6528191024140934	0.8379878500773105	0.7946147098118109	0.30704312333268263	0.39284883405051263	0.3452016948005386	0.4728272231551712
orig	11	bert_base_uncased	orig	conditioned-cat-only	pair_not_significant	14	14	25	1.7857142857142858	2.0	-0.010520176030695438	-0.010520176030695438	-0.009547152556478977	-0.009547152556478977	0.76	0.76	0.76	0.76	1.010070640155142	1.010070640155142	1.0118778083295146	1.0118778083295146	-0.02666666666666667	-0.02666666666666667	-0.04146777140497051	-0.04146777140497051
orig	11	bert_base_uncased	orig	conditioned-exclude	all	76	76	8568	112.73684210526316	3.084507042253521	0.11687966459430754	0.11285599600809965	0.0680686119342378	0.06553671244078779	0.8216086811478716	0.8264065214486168	0.8233324991673676	0.8281437925965521	0.7932459445962187	0.8004260261728152	0.87986481433133	0.8839793383761417	0.25328640980404793	0.2561658795518713	0.3112235031664826	0.30911705623798985
orig	11	bert_base_uncased	orig	conditioned-exclude	pair_significant	62	62	6422	103.58064516129032	3.169491525423729	0.11907724040907387	0.11452754044194391	0.06952383643354051	0.06672837805299062	0.8195153235270659	0.823187414500684	0.8219380998761933	0.8259233926128591	0.784475825317639	0.7875674919402651	0.874812213188074	0.8767162324725789	0.24124388121098087	0.2392410003969663	0.3086436043045854	0.30756800294625514
orig	11	bert_base_uncased	orig	conditioned-exclude	pair_not_significant	14	14	2146	153.28571428571428	2.6666666666666665	0.10442673497729832	0.10687728539701631	0.05982233977152242	0.061274412440688604	0.8334710409991035	0.8379204892966361	0.831234095150688	0.8360856269113149	0.8429432871748369	0.8464178966266095	0.9084962208097814	0.9099577134978758	0.32152740516476147	0.3167020834037882	0.32584293005056764	0.31465764562640847
orig	11	bert_base_uncased	orig	raw	all	76	76	14183	186.6184210526316	8.986842105263158	0.024521045410074292	0.024432756812052675	0.015131687164927523	0.015228471354699678	0.7381800672002908	0.7382382382382382	0.7394774647049923	0.7397397397397397	0.7927107909866861	0.7936676372305584	0.8817517726466614	0.8821331290946242	0.22288005210202277	0.22192156042133565	0.3375134038222883	0.33750322297398677
orig	11	bert_base_uncased	orig	raw	pair_significant	62	62	11448	184.6451612903226	9.5	0.019657334671430892	0.01922383760707355	0.012177542696947293	0.012101603737173363	0.7284654232333627	0.7283368273934312	0.7302291290367438	0.7303459119496856	0.7806867793261211	0.7816701081979615	0.8752589286774719	0.8756370742822172	0.2263219513345845	0.22433649707295972	0.3507265832946265	0.35019523983761996
orig	11	bert_base_uncased	orig	raw	pair_not_significant	14	14	2735	195.35714285714286	6.714285714285714	0.04771720431745052	0.04792830726855425	0.029220683858371697	0.029332640182690724	0.7845114461194863	0.7828999211977935	0.7835849117381779	0.7821118991331757	0.8500560773678421	0.8477841511648243	0.9127176438843361	0.9114344827165451	0.20646484037749763	0.21102865467358448	0.27449670172344454	0.28025412563164115
orig	12	bert_base_uncased	orig	conditioned-cat-only	all	76	76	1862	24.5	2.9166666666666665	0.1823165656396133	0.19476011609251465	0.09545086966553594	0.10496203993584534	0.9023432956103586	0.9092554644808744	0.8966396115323656	0.9037909836065574	0.7285286450017555	0.6616390095783329	0.8510245945143295	0.8058788750647721	0.29752801601148504	0.41925917998785456	0.33099511074884175	0.48416717278981203
orig	12	bert_base_uncased	orig	conditioned-cat-only	pair_significant	62	62	1837	29.629032258064516	2.942857142857143	0.18830512187471896	0.19766961617854492	0.09845016220810288	0.10646464137871262	0.9078688500227938	0.911876731301939	0.9019923270333463	0.9063365650969529	0.7199142802799983	0.6567752468187567	0.8464863974550534	0.8031793428984886	0.3069427405796161	0.4252483361474765	0.3418627328739792	0.4912558652021459
orig	12	bert_base_uncased	orig	conditioned-cat-only	pair_not_significant	14	14	25	1.7857142857142858	2.0	-0.01530579011887312	-0.01530579011887312	-0.0035257842391729355	-0.0035257842391729355	0.72	0.72	0.72	0.72	1.012802680819748	1.012802680819748	1.000785097470443	1.000785097470443	-0.013157894736842105	-0.013157894736842105	-0.027636419380695935	-0.027636419380695932
orig	12	bert_base_uncased	orig	conditioned-exclude	all	76	76	8568	112.73684210526316	3.084507042253521	0.11812115185894072	0.11417739216567328	0.06141299432880866	0.058731154860867295	0.8254093606783031	0.8302819724709342	0.8231601327028094	0.8276092476279567	0.7964950632669902	0.8029852461102113	0.8872757035932849	0.8921970545993175	0.2608272711293368	0.24883000081773188	0.33018733917192883	0.3181980278263138
orig	12	bert_base_uncased	orig	conditioned-exclude	pair_significant	62	62	6422	103.58064516129032	3.169491525423729	0.12090070836026878	0.11688498691840431	0.06327306385855098	0.060616322371936864	0.8237881806244376	0.8272913816689467	0.8227717688474954	0.8266073871409029	0.7873018003792889	0.7894447590541503	0.8809224549377006	0.8829217797058713	0.27040975294518904	0.26322495009975594	0.33894284523345547	0.3335964397922316
orig	12	bert_base_uncased	orig	conditioned-exclude	pair_not_significant	14	14	2146	153.28571428571428	2.6666666666666665	0.10237033168474834	0.10449297986355031	0.05087260032693545	0.05198836611179401	0.8345960476502068	0.8409785932721713	0.8253608612162551	0.8311926605504587	0.848590219630631	0.8514162970605754	0.92327744597493	0.9253724720775272	0.20652654083950747	0.19734274491481033	0.28057280482327757	0.2631216283298688
orig	12	bert_base_uncased	orig	raw	all	76	76	14183	186.6184210526316	8.986842105263158	0.02741165469871703	0.02764246501377797	0.008642278215265833	0.008678240178084714	0.7397778306464514	0.7401687401687401	0.7380886098414496	0.7382382382382382	0.7977829618353679	0.7980146123258273	0.8895017962011738	0.8900311490854939	0.21090873321685769	0.20985506931502482	0.3217247552616027	0.320492602106886
orig	12	bert_base_uncased	orig	raw	pair_significant	62	62	11448	184.6451612903226	9.5	0.022765479841140288	0.022868767761708125	0.006420341877298685	0.006344124044465749	0.7292573494856415	0.7295597484276729	0.7288117560648469	0.7288609364081062	0.7863626316000151	0.7863268142589326	0.8822735379956328	0.8827540141490161	0.22225162553602204	0.22085738028260457	0.34124085475540994	0.33982231270435626
orig	12	bert_base_uncased	orig	raw	pair_not_significant	14	14	2735	195.35714285714286	6.714285714285714	0.04957033478869842	0.04917488666141216	0.01923920536557069	0.01920659380206813	0.7899524331056995	0.7880220646178093	0.7823320663144784	0.7805358550039401	0.8522491521885888	0.8507340419041611	0.923975027642984	0.9228556726287548	0.15681186215622775	0.1602276240995589	0.22864797306036802	0.23330326919914807
